scheme,h,model,location,n,NSE,logNSE,KGE,RMSE_log
chrono,1,B0_persistence,Bahrabise,364.0,0.9545872711910441,0.9888903345156743,0.9772794510543488,0.08566427468178885
chrono,1,B0_persistence,Belsot,364.0,0.9557857014289909,0.9908794819092791,0.9766827169735358,0.08738020395001452
chrono,1,B0_persistence,Bhada Bridge,364.0,0.9517163084080158,0.9797150523247223,0.972476377671761,0.05806744114141896
chrono,1,B0_persistence,Chameliya/Nayalbadi,364.0,0.9969431445102007,0.9981746135366105,0.9926640450990888,0.031100870084779797
chrono,1,B0_persistence,Chatara,364.0,0.525882652747865,0.9388006689729418,0.7636744514703873,0.15225400453814644
chrono,1,B0_persistence,Chisapani,364.0,0.9533541196578331,0.968974723673564,0.9756345631511362,0.06830652051150309
chrono,1,B0_persistence,Devghat,364.0,0.9763117712012571,0.991361406021183,0.9881336774071269,0.0527686818167055
chrono,1,B0_persistence,Khokana,364.0,0.1408237166424101,0.7979294130540194,0.5703979630853924,0.31831243092250505
chrono,1,B0_persistence,Kusum,364.0,0.9355552934204874,0.9782312396314949,0.9656266557787095,0.21477384623914125
chrono,1,B0_persistence,Rasuwagadhi,364.0,0.9490059260479035,0.9836036944251567,0.9744776474543826,0.06764602344684625
chrono,1,B1_recession,Bahrabise,364.0,0.9547372953148691,0.9890529229621005,0.9771943581072952,0.0850351217895356
chrono,1,B1_recession,Belsot,364.0,0.9558871677550882,0.9909265993296327,0.9769516311467271,0.08715420467537281
chrono,1,B1_recession,Bhada Bridge,364.0,0.9516915934448238,0.9795319869062977,0.9636268082333747,0.05832887303556615
chrono,1,B1_recession,Chameliya/Nayalbadi,364.0,0.9970023940413012,0.9982553067849317,0.9926636876107369,0.030405675930206613
chrono,1,B1_recession,Chatara,364.0,0.526275653734401,0.9392003077071002,0.7635677243839982,0.15175607215785789
chrono,1,B1_recession,Chisapani,364.0,0.9534131954886769,0.9689924945298531,0.9745805692617122,0.06828695518647519
chrono,1,B1_recession,Devghat,364.0,0.9763117712012571,0.991361406021183,0.9881336774071269,0.0527686818167055
chrono,1,B1_recession,Khokana,364.0,0.14082653745113016,0.7979578395899075,0.5704112787205297,0.3182900406327345
chrono,1,B1_recession,Kusum,364.0,0.9355904176382959,0.9782930445800263,0.9655181690753898,0.21446874109090142
chrono,1,B1_recession,Rasuwagadhi,364.0,0.9491354166856305,0.9837520054175605,0.9742409275771928,0.0673393860972677
chrono,1,B2_climatology,Bahrabise,364.0,0.879738266073971,0.9267715657494467,0.8880716401707085,0.21993235520705118
chrono,1,B2_climatology,Belsot,364.0,0.6092587167891528,0.8017016447604044,0.6112453774889858,0.4074392422696629
chrono,1,B2_climatology,Bhada Bridge,364.0,0.5529275393287181,0.5548097123259634,0.5095359955817866,0.2720311159188547
chrono,1,B2_climatology,Chameliya/Nayalbadi,364.0,0.7440453705674765,0.8852863834561746,0.8383555655403243,0.24654864057424952
chrono,1,B2_climatology,Chatara,364.0,0.4234445175511794,0.7404852928261436,0.5409716658171182,0.31352803044602706
chrono,1,B2_climatology,Chisapani,364.0,0.6859556259947842,0.8355089806492083,0.7364390454005851,0.15728069880445872
chrono,1,B2_climatology,Devghat,364.0,0.7117534353294085,0.704196739299527,0.7538137407787822,0.3087849982802292
chrono,1,B2_climatology,Khokana,364.0,0.3147069483288514,0.6603361147035611,0.3661359903140379,0.41269265009595235
chrono,1,B2_climatology,Kusum,364.0,0.6467159917880543,0.8321178894101846,0.8176876032408253,0.5964399918400612
chrono,1,B2_climatology,Rasuwagadhi,364.0,0.8839206071429858,0.9203434979827305,0.9215316125615948,0.14910076976391767
chrono,1,B3_ARX,Bahrabise,364.0,0.9630244123170997,0.9904280782493691,0.9785304763522823,0.07951495558574878
chrono,1,B3_ARX,Belsot,364.0,0.9583932407336677,0.9918347567576943,0.9716009995369362,0.08267760031791212
chrono,1,B3_ARX,Bhada Bridge,364.0,0.9505367646967583,0.9693648183424235,0.9350146721984008,0.07136018585261697
chrono,1,B3_ARX,Chameliya/Nayalbadi,364.0,0.9972607032417923,0.9986731224557032,0.9805814869283824,0.02651615496580359
chrono,1,B3_ARX,Chatara,364.0,0.6338993540147508,0.9451382848368443,0.7659264834751319,0.14415512173681697
chrono,1,B3_ARX,Chisapani,364.0,0.959718568769279,0.9723697675500987,0.9619710330048965,0.06446093541400061
chrono,1,B3_ARX,Devghat,364.0,0.9799134289790516,0.9930370718611501,0.9853268690025261,0.04737515794074459
chrono,1,B3_ARX,Khokana,364.0,0.5533875407043604,0.8921331598186627,0.590478257148799,0.23256589444692496
chrono,1,B3_ARX,Kusum,364.0,0.9428261659093777,0.981229357569583,0.9398658063529036,0.19943625651758798
chrono,1,B3_ARX,Rasuwagadhi,364.0,0.9579841788092206,0.9866238870318189,0.9779847273215059,0.061099018532431985
chrono,1,GRAPH_learned,Bahrabise,364.0,0.9627948029993876,0.9912263407408717,0.9618871314880963,0.0761271608202946
chrono,1,GRAPH_learned,Belsot,364.0,0.9612030266449122,0.9927044132357072,0.9772037489979037,0.0781507972716319
chrono,1,GRAPH_learned,Bhada Bridge,364.0,0.9531996040241009,0.9656196248076325,0.9336353835567978,0.07559638855330596
chrono,1,GRAPH_learned,Chameliya/Nayalbadi,364.0,0.9968869420271719,0.9985904148324557,0.9943139566946153,0.0273300726963425
chrono,1,GRAPH_learned,Chatara,364.0,0.6172128652851592,0.9469535499302485,0.7863507343886456,0.14175015718314243
chrono,1,GRAPH_learned,Chisapani,364.0,0.9559557911279057,0.9695430928987043,0.9502529918437375,0.06767795595544097
chrono,1,GRAPH_learned,Devghat,364.0,0.9792238358092914,0.9917561418754511,0.9796338719967483,0.051548967236646544
chrono,1,GRAPH_learned,Khokana,364.0,0.39426530044582486,0.8351384612158941,0.6115692379899045,0.28751580449661374
chrono,1,GRAPH_learned,Kusum,364.0,0.9500326791218278,0.9822592959909752,0.9672477249887736,0.19388757127057588
chrono,1,GRAPH_learned,Rasuwagadhi,364.0,0.9616235215854718,0.9874022343707974,0.9702237807598183,0.05929472129058596
chrono,1,GRAPH_none,Bahrabise,364.0,0.9630590299208236,0.9908296190212494,0.9805207053091045,0.07782926702198315
chrono,1,GRAPH_none,Belsot,364.0,0.9616735456156263,0.9927677944100398,0.9717422945351755,0.07781058513328191
chrono,1,GRAPH_none,Bhada Bridge,364.0,0.9509916210105807,0.9671881680077715,0.9265409230444874,0.07385178254021622
chrono,1,GRAPH_none,Chameliya/Nayalbadi,364.0,0.9964408514749625,0.9985475423751714,0.9927488166997679,0.02774258093409002
chrono,1,GRAPH_none,Chatara,364.0,0.605908655202914,0.9475469583486404,0.7839859462581418,0.14095507755579254
chrono,1,GRAPH_none,Chisapani,364.0,0.9516199367275131,0.9675169970820283,0.9637394354313812,0.06989279685313302
chrono,1,GRAPH_none,Devghat,364.0,0.9783715259243656,0.9918138458057633,0.9866400214252604,0.05136823865668425
chrono,1,GRAPH_none,Khokana,364.0,0.36458108259321076,0.8293991857136432,0.5887874957946704,0.2924775915307121
chrono,1,GRAPH_none,Kusum,364.0,0.9485140307850434,0.9819127653230192,0.9559013022600592,0.19577202462040014
chrono,1,GRAPH_none,Rasuwagadhi,364.0,0.9616634394148611,0.987381555491929,0.9756334586717992,0.05934336664706025
chrono,1,GRAPH_phys,Bahrabise,364.0,0.9640969120473948,0.9910420538386903,0.9817546934532082,0.07692251498206693
chrono,1,GRAPH_phys,Belsot,364.0,0.9610647012453637,0.992560860556099,0.9758120155396922,0.07891592461556239
chrono,1,GRAPH_phys,Bhada Bridge,364.0,0.9483779564287166,0.9547817378026118,0.9177496865160248,0.08669672188115758
chrono,1,GRAPH_phys,Chameliya/Nayalbadi,364.0,0.9967391153066566,0.9985841003745689,0.9940749868033756,0.027391218968307224
chrono,1,GRAPH_phys,Chatara,364.0,0.6142141779752675,0.9468087746306794,0.7875549690986909,0.14194345888685123
chrono,1,GRAPH_phys,Chisapani,364.0,0.9482185485275757,0.9651870783381341,0.9498198331432621,0.07235600340619122
chrono,1,GRAPH_phys,Devghat,364.0,0.9798218053769226,0.9923356099495945,0.9777504969814237,0.04970424868127335
chrono,1,GRAPH_phys,Khokana,364.0,0.40751834004845944,0.8357879082967556,0.6040771357521293,0.28694893317108355
chrono,1,GRAPH_phys,Kusum,364.0,0.9464032362889324,0.981766241131368,0.9700069489098501,0.19656339703057987
chrono,1,GRAPH_phys,Rasuwagadhi,364.0,0.9616099094681341,0.9873712717594926,0.9754548729864861,0.05936754343903993
chrono,1,HGB,Bahrabise,364.0,0.9703823298062868,0.9918104705896487,0.9762567434827965,0.07354933058620342
chrono,1,HGB,Belsot,364.0,0.9643125033640381,0.993207249188829,0.9813713328445688,0.07540951384917201
chrono,1,HGB,Bhada Bridge,364.0,0.9627394062480797,0.9747463498012514,0.9610349673767129,0.06478997655208024
chrono,1,HGB,Chameliya/Nayalbadi,364.0,0.9954844370328885,0.9981204153357254,0.9947842645023967,0.03155920633020526
chrono,1,HGB,Chatara,364.0,0.7324764471618537,0.9646738730701161,0.7666014612501865,0.11567603639319188
chrono,1,HGB,Chisapani,364.0,0.9444071980581675,0.9680029177673566,0.9382443090907512,0.06936805584326562
chrono,1,HGB,Devghat,364.0,0.9874555751097259,0.9928724058371736,0.9893928482364548,0.047932071233623134
chrono,1,HGB,Khokana,364.0,0.6256307808328314,0.8942297474126006,0.6541308943822112,0.23029463388185054
chrono,1,HGB,Kusum,364.0,0.912990955792915,0.9813540421743586,0.952988374359151,0.19877277195685994
chrono,1,HGB,Rasuwagadhi,364.0,0.9846564628921246,0.9924246648647512,0.9894040314713436,0.045980130069062805
chrono,1,HGB_tuned,Bahrabise,364.0,0.9691376141702185,0.9915618029844856,0.984413345020306,0.07465760975927825
chrono,1,HGB_tuned,Belsot,364.0,0.9703262721445834,0.9933799670945369,0.9733252708361572,0.07444462962317092
chrono,1,HGB_tuned,Bhada Bridge,364.0,0.9602154715896446,0.9742207230958508,0.9584842978128107,0.06546076980653982
chrono,1,HGB_tuned,Chameliya/Nayalbadi,364.0,0.996013094343507,0.998311587153001,0.9923578246972413,0.029911242259986346
chrono,1,HGB_tuned,Chatara,364.0,0.7160955271563891,0.9652917658763001,0.7875498318952135,0.11465992301753318
chrono,1,HGB_tuned,Chisapani,364.0,0.9591100502315951,0.9748487663054721,0.9458853063426854,0.06150125531922762
chrono,1,HGB_tuned,Devghat,364.0,0.9836926688593949,0.9910561345849466,0.987050230409062,0.05369295944531829
chrono,1,HGB_tuned,Khokana,364.0,0.5451528345034917,0.8854996833662783,0.6601480477734462,0.23961024964192307
chrono,1,HGB_tuned,Kusum,364.0,0.9441912609196981,0.982241761061031,0.9430911663663841,0.19398336689712334
chrono,1,HGB_tuned,Rasuwagadhi,364.0,0.9768884906557816,0.9919167144478702,0.9869014616869586,0.04749667747089427
chrono,1,LSTM,Bahrabise,364.0,0.9654263540725382,0.991790027866068,0.973542774467273,0.07364107041840441
chrono,1,LSTM,Belsot,364.0,0.959058277881399,0.992869607110081,0.9319748714444066,0.07726094748230408
chrono,1,LSTM,Bhada Bridge,364.0,0.9486649429082958,0.9530208810782022,0.9218332100569347,0.08836864104978412
chrono,1,LSTM,Chameliya/Nayalbadi,364.0,0.992988048320968,0.997646356539818,0.9951841691144276,0.035315508477131725
chrono,1,LSTM,Chatara,364.0,0.6490201622249545,0.9546150804410029,0.7837745509611506,0.13111463530375395
chrono,1,LSTM,Chisapani,364.0,0.9501568722737549,0.9661916158274064,0.9262276907499166,0.0713044347547111
chrono,1,LSTM,Devghat,364.0,0.9740830523595215,0.9903738177639676,0.9725551142522405,0.05570340636116717
chrono,1,LSTM,Khokana,364.0,0.40950324093860524,0.8485827051340185,0.6102283862729525,0.27554325817377096
chrono,1,LSTM,Kusum,364.0,0.9495394323776861,0.9826399195387818,0.9739588812670742,0.19179638281363473
chrono,1,LSTM,Rasuwagadhi,364.0,0.9669943802912416,0.9887581651498227,0.9486251495383258,0.056012875750991474
chrono,1,LSTM_tuned,Bahrabise,364.0,0.9651365584451435,0.9917941228428627,0.9675223605933314,0.07362270275028912
chrono,1,LSTM_tuned,Belsot,364.0,0.9619455262330123,0.993303399432076,0.9348286595286475,0.0748739072671624
chrono,1,LSTM_tuned,Bhada Bridge,364.0,0.951183287115158,0.9568230841966556,0.9286297866189487,0.08471719173174556
chrono,1,LSTM_tuned,Chameliya/Nayalbadi,364.0,0.993837446570681,0.9978863056910503,0.9901423651659654,0.033466956200537606
chrono,1,LSTM_tuned,Chatara,364.0,0.65325844143718,0.9554939182328342,0.7810249755538751,0.12983897161793426
chrono,1,LSTM_tuned,Chisapani,364.0,0.9489894280777925,0.9649881755097364,0.9118472582562015,0.07256241118145547
chrono,1,LSTM_tuned,Devghat,364.0,0.9756284192689344,0.9909211446129935,0.9791513059611295,0.05409663651913205
chrono,1,LSTM_tuned,Khokana,364.0,0.4352249036036213,0.8557066801119897,0.6113517443058338,0.26898320299886636
chrono,1,LSTM_tuned,Kusum,364.0,0.9478851939360907,0.9822001344505267,0.9710316743936914,0.19421058946112532
chrono,1,LSTM_tuned,Rasuwagadhi,364.0,0.9701747236286332,0.9894054502678836,0.9481095927054847,0.05437640878403999
chrono,1,TFT_lite,Bahrabise,364.0,0.9638083132446299,0.9909376198442561,0.9638724020570253,0.07736960671595551
chrono,1,TFT_lite,Belsot,364.0,0.9637360552689542,0.9933820605501212,0.9557176169739182,0.07443285787507474
chrono,1,TFT_lite,Bhada Bridge,364.0,0.9547723870440443,0.9648591255049102,0.9164955820517227,0.07642791731644813
chrono,1,TFT_lite,Chameliya/Nayalbadi,364.0,0.9964882347088116,0.9984542737636528,0.9912015661138499,0.0286194587096011
chrono,1,TFT_lite,Chatara,364.0,0.6826882035842606,0.9578123400416332,0.773176849778311,0.12641194243404982
chrono,1,TFT_lite,Chisapani,364.0,0.9485577353587401,0.9661139731861791,0.924436667355193,0.07138626489608935
chrono,1,TFT_lite,Devghat,364.0,0.9794994783411473,0.9914057546958598,0.9586970650973884,0.052633056013804476
chrono,1,TFT_lite,Khokana,364.0,0.49301862228039595,0.8719311724596478,0.6253125301645612,0.2534100092239201
chrono,1,TFT_lite,Kusum,364.0,0.9228541510442607,0.9791852505354305,0.9490822570716894,0.21001491525372434
chrono,1,TFT_lite,Rasuwagadhi,364.0,0.9594149926349285,0.986814503123463,0.9502374125390864,0.06066211107697518
chrono,3,B0_persistence,Bahrabise,362.0,0.9140697875081801,0.9729170599218983,0.9569627167201025,0.13325448823330377
chrono,3,B0_persistence,Belsot,362.0,0.861288676293242,0.9683947415155336,0.9285189898574001,0.16180466177367722
chrono,3,B0_persistence,Bhada Bridge,362.0,0.8305280334012145,0.9114725734980288,0.9072581303717205,0.12022162469501423
chrono,3,B0_persistence,Chameliya/Nayalbadi,362.0,0.9854955128532394,0.9900196667938027,0.9726323368436945,0.07202714314213551
chrono,3,B0_persistence,Chatara,362.0,0.2681168436391843,0.8630625227792299,0.6368086834602158,0.22689617920338856
chrono,3,B0_persistence,Chisapani,362.0,0.8719064244687794,0.9133767410926763,0.9326623730766644,0.11271564437320303
chrono,3,B0_persistence,Devghat,362.0,0.9063119211266548,0.9586857492459132,0.9531526819433538,0.11520148273897905
chrono,3,B0_persistence,Khokana,362.0,-0.2235289239537388,0.5680175056462189,0.38653430753088336,0.4646942824260594
chrono,3,B0_persistence,Kusum,362.0,0.7928673112694156,0.9241311318936258,0.8898171803828461,0.399468552428483
chrono,3,B0_persistence,Rasuwagadhi,362.0,0.8764830347257702,0.9525455298455683,0.9382660787131021,0.1146546648133737
chrono,3,B1_recession,Bahrabise,362.0,0.9153167223962875,0.9743112575113723,0.9568756622093332,0.12977928104706699
chrono,3,B1_recession,Belsot,362.0,0.8621296811591004,0.968801274930751,0.9294859375398715,0.1607606598800997
chrono,3,B1_recession,Bhada Bridge,362.0,0.8306275353765629,0.9104733789768599,0.8869907812951254,0.12089818186917917
chrono,3,B1_recession,Chameliya/Nayalbadi,362.0,0.9860161192874413,0.9907255218804257,0.9727150249269761,0.06943339635241419
chrono,3,B1_recession,Chatara,362.0,0.270817530361271,0.8660500008349603,0.63713818573349,0.22440750591256717
chrono,3,B1_recession,Chisapani,362.0,0.8721923564031757,0.9130168165996077,0.9301907062408107,0.11294957153811438
chrono,3,B1_recession,Devghat,362.0,0.9063119211266548,0.9586857492459132,0.9531526819433538,0.11520148273897905
chrono,3,B1_recession,Khokana,362.0,-0.22352117141987282,0.5680908136879455,0.3865861434084952,0.46465485111383165
chrono,3,B1_recession,Kusum,362.0,0.7931537002724894,0.9246702825981357,0.8896518114309764,0.39804664016872865
chrono,3,B1_recession,Rasuwagadhi,362.0,0.877176669774945,0.9535946454063597,0.9378034496909381,0.11338019835915536
chrono,3,B2_climatology,Bahrabise,362.0,0.8782880480329395,0.9258832874751088,0.8843915205676139,0.22044081863917683
chrono,3,B2_climatology,Belsot,362.0,0.6004167443695193,0.7986484595768596,0.605291827600459,0.4084029165986054
chrono,3,B2_climatology,Bhada Bridge,362.0,0.5547895154918772,0.54783545148427,0.512593449128741,0.2717014321160456
chrono,3,B2_climatology,Chameliya/Nayalbadi,362.0,0.733019944139297,0.8825854378528066,0.8277585383659836,0.24704988176294654
chrono,3,B2_climatology,Chatara,362.0,0.4174829800889025,0.7371436977724208,0.5322963650501229,0.3143585076638331
chrono,3,B2_climatology,Chisapani,362.0,0.6727812264558233,0.8304226101191748,0.7269468283175875,0.1577069788122001
chrono,3,B2_climatology,Devghat,362.0,0.7104807450940716,0.701927187335573,0.7476915302287597,0.30943491180486105
chrono,3,B2_climatology,Khokana,362.0,0.31301361250737714,0.6574665439052627,0.3634876354090216,0.41379549036640806
chrono,3,B2_climatology,Kusum,362.0,0.6489283910960058,0.8303705498756181,0.8195816757737815,0.5973122485358016
chrono,3,B2_climatology,Rasuwagadhi,362.0,0.8821964396022524,0.9193491064506625,0.9205154694909905,0.14947128094593992
chrono,3,B3_ARX,Bahrabise,362.0,0.9257191486475507,0.9758375288645986,0.9523604071146302,0.12586489429028574
chrono,3,B3_ARX,Belsot,362.0,0.8824170555303971,0.9753242918827413,0.9359429675006661,0.1429704120703503
chrono,3,B3_ARX,Bhada Bridge,362.0,0.8523092409207258,0.875948482412201,0.809799487454064,0.14231304590110863
chrono,3,B3_ARX,Chameliya/Nayalbadi,362.0,0.9864625127730542,0.9936427038146387,0.9337804745581642,0.057485708950145646
chrono,3,B3_ARX,Chatara,362.0,0.5270792157039501,0.8765204635755046,0.6412560166337401,0.2154584427120849
chrono,3,B3_ARX,Chisapani,362.0,0.8430264161761208,0.906415285874254,0.8094995394493825,0.1171573117327497
chrono,3,B3_ARX,Devghat,362.0,0.9341777558862097,0.972524078861067,0.9651660479893065,0.09394729041654906
chrono,3,B3_ARX,Khokana,362.0,0.3405556100353194,0.7369249621606279,0.4063049828061207,0.3626386387501785
chrono,3,B3_ARX,Kusum,362.0,0.7806041094227214,0.9437946437237839,0.8074350835547339,0.3438267371707838
chrono,3,B3_ARX,Rasuwagadhi,362.0,0.9119802482179865,0.9636159107464872,0.9552778652346157,0.1003942683101851
chrono,3,GRAPH_learned,Bahrabise,362.0,0.9371324965595934,0.9825106964785011,0.9318695331445529,0.10708291839572641
chrono,3,GRAPH_learned,Belsot,362.0,0.8920013399770818,0.9796134670277598,0.9389339032206669,0.12995202268384426
chrono,3,GRAPH_learned,Bhada Bridge,362.0,0.8446583334016331,0.8526217507692415,0.8524167413159979,0.15511734742010502
chrono,3,GRAPH_learned,Chameliya/Nayalbadi,362.0,0.9909512031387646,0.9950010916291813,0.9770615644690449,0.05097547215022879
chrono,3,GRAPH_learned,Chatara,362.0,0.5205047596609338,0.8932685189884824,0.701121763750219,0.2003144547582252
chrono,3,GRAPH_learned,Chisapani,362.0,0.8467270915279024,0.8995063603330848,0.8749816500620116,0.12140490313307901
chrono,3,GRAPH_learned,Devghat,362.0,0.9289099465740747,0.9657500100270056,0.9622456469858712,0.10489103065914844
chrono,3,GRAPH_learned,Khokana,362.0,0.3109673875791371,0.7104876151236137,0.449193033032665,0.38042392981921364
chrono,3,GRAPH_learned,Kusum,362.0,0.8491199060680865,0.9490636528519985,0.9213189570382019,0.3273140830680852
chrono,3,GRAPH_learned,Rasuwagadhi,362.0,0.921554317566725,0.9679737206809199,0.9583270061722826,0.09419034947991546
chrono,3,GRAPH_none,Bahrabise,362.0,0.9439669472176446,0.9827320648579787,0.9718811592585974,0.10640306683569684
chrono,3,GRAPH_none,Belsot,362.0,0.895873064794738,0.979677853057739,0.9233805737122798,0.12974664907608158
chrono,3,GRAPH_none,Bhada Bridge,362.0,0.822165405112637,0.840403146359004,0.8185347067919556,0.16141943973111816
chrono,3,GRAPH_none,Chameliya/Nayalbadi,362.0,0.9898957305361137,0.9944343042212566,0.9863215071484003,0.05378775288412838
chrono,3,GRAPH_none,Chatara,362.0,0.5218286921130408,0.8961880320158044,0.7006592312954336,0.19755577674452515
chrono,3,GRAPH_none,Chisapani,362.0,0.8350489268428737,0.8944566815821366,0.8838973502342858,0.12441774087044404
chrono,3,GRAPH_none,Devghat,362.0,0.9286795771213183,0.9662343687270335,0.95857112571729,0.10414671243243458
chrono,3,GRAPH_none,Khokana,362.0,0.27639682734726956,0.6982266438014433,0.41139840800691774,0.38839595710092406
chrono,3,GRAPH_none,Kusum,362.0,0.849848280449336,0.9480305000788485,0.8705031880027632,0.3306169097737264
chrono,3,GRAPH_none,Rasuwagadhi,362.0,0.9249150725575958,0.9682632896351205,0.9622775355300099,0.0937635666407161
chrono,3,GRAPH_phys,Bahrabise,362.0,0.9430113110283881,0.9823225028999868,0.9692092319736381,0.10765750946167625
chrono,3,GRAPH_phys,Belsot,362.0,0.8924165231792504,0.9786286254406491,0.9327458541603203,0.1330538925686434
chrono,3,GRAPH_phys,Bhada Bridge,362.0,0.7799155546825738,0.7469895692113036,0.7905000111175295,0.20324173141658833
chrono,3,GRAPH_phys,Chameliya/Nayalbadi,362.0,0.9882455888279227,0.9936980825200675,0.9735135493869317,0.05723478093608793
chrono,3,GRAPH_phys,Chatara,362.0,0.5209373261242825,0.8914860623504727,0.69631108700967,0.20198019302036518
chrono,3,GRAPH_phys,Chisapani,362.0,0.8053067199230801,0.8810120705841168,0.8573501668412193,0.1321047375173734
chrono,3,GRAPH_phys,Devghat,362.0,0.9344176667179784,0.9687322027126721,0.9648059408132932,0.10022054781880269
chrono,3,GRAPH_phys,Khokana,362.0,0.3035885403111749,0.7063734461137166,0.42704441670614857,0.38311743655517216
chrono,3,GRAPH_phys,Kusum,362.0,0.82098638788698,0.9449244218571479,0.9080405199493307,0.340353582089732
chrono,3,GRAPH_phys,Rasuwagadhi,362.0,0.9213073474706395,0.9673136137489902,0.9605759269837357,0.09515609669537728
chrono,3,HGB,Bahrabise,362.0,0.8772148094296165,0.9681307865503272,0.9215401527060709,0.14455050517113102
chrono,3,HGB,Belsot,362.0,0.9137341283285021,0.9775967383203046,0.9249871305577655,0.13622818878251566
chrono,3,HGB,Bhada Bridge,362.0,0.8390390269496526,0.8580117187990263,0.8461787291279703,0.15225442521195992
chrono,3,HGB,Chameliya/Nayalbadi,362.0,0.9654667207842097,0.988331330777112,0.9664637928790101,0.07788150464512784
chrono,3,HGB,Chatara,362.0,0.5573870743065517,0.8971421222495588,0.6396133666713637,0.19664585702213894
chrono,3,HGB,Chisapani,362.0,0.7816022309118504,0.8775604875813693,0.803035591531479,0.1340070770819041
chrono,3,HGB,Devghat,362.0,0.9346957456202794,0.9564083554827828,0.9398868612303543,0.11833405719168102
chrono,3,HGB,Khokana,362.0,0.2643005170340892,0.6773283914841945,0.4529989457777064,0.4016193529135114
chrono,3,HGB,Kusum,362.0,0.7402860289817295,0.9454568117809992,0.8710566753059031,0.33870456770028756
chrono,3,HGB,Rasuwagadhi,362.0,0.8599887281511953,0.9480939900418722,0.8862338282381617,0.1199118180291244
chrono,3,HGB_tuned,Bahrabise,362.0,0.9382711506326435,0.9801752866871676,0.9680989680934458,0.1140085439392036
chrono,3,HGB_tuned,Belsot,362.0,0.9004593993919245,0.9760088650834374,0.8884747237925421,0.14097326334557067
chrono,3,HGB_tuned,Bhada Bridge,362.0,0.873671901887757,0.8943106665966503,0.8626792814538325,0.13135882421875528
chrono,3,HGB_tuned,Chameliya/Nayalbadi,362.0,0.9778838585378954,0.9910734819847387,0.9525224921982365,0.06811844287344765
chrono,3,HGB_tuned,Chatara,362.0,0.5423447988906478,0.9026470280735931,0.6743393761069284,0.19131130241060043
chrono,3,HGB_tuned,Chisapani,362.0,0.8509632974003354,0.9085659322576213,0.8492934329320865,0.11580330639682423
chrono,3,HGB_tuned,Devghat,362.0,0.9417343998710228,0.9651516025865601,0.960470473380714,0.10580337800246957
chrono,3,HGB_tuned,Khokana,362.0,0.30169968877867515,0.7124448640407535,0.41705141878762597,0.3791358216003454
chrono,3,HGB_tuned,Kusum,362.0,0.8381309051850886,0.9491094234009757,0.9140603332282693,0.3271669905493075
chrono,3,HGB_tuned,Rasuwagadhi,362.0,0.9231159561896766,0.9695010664097611,0.9610510325817669,0.09191692602469417
chrono,3,LSTM,Bahrabise,362.0,0.9339838346290318,0.9824686033067165,0.9359391566225861,0.10721170427903738
chrono,3,LSTM,Belsot,362.0,0.8868921857066424,0.9796570304399131,0.8690235099843365,0.12981310300932705
chrono,3,LSTM,Bhada Bridge,362.0,0.807018124243887,0.7813626147667329,0.799391573625348,0.1889321581011109
chrono,3,LSTM,Chameliya/Nayalbadi,362.0,0.9755210992582386,0.9912089684849018,0.9809979394651347,0.06759951613926171
chrono,3,LSTM,Chatara,362.0,0.5687382918665052,0.9108685612740692,0.6874757183361923,0.1830549511035691
chrono,3,LSTM,Chisapani,362.0,0.7568251817691928,0.863623926993973,0.7643589237711986,0.1414282049552756
chrono,3,LSTM,Devghat,362.0,0.9121826328882616,0.9620519823923789,0.9516103515394088,0.11040854208500447
chrono,3,LSTM,Khokana,362.0,0.3002686734347386,0.717387980796939,0.4141679942542833,0.3758629933468043
chrono,3,LSTM,Kusum,362.0,0.8377815730828264,0.9489271484687389,0.9097286529220953,0.3277523743396093
chrono,3,LSTM,Rasuwagadhi,362.0,0.9204314438049301,0.968318928499186,0.9177559042475807,0.09368134030452638
chrono,3,LSTM_tuned,Bahrabise,362.0,0.9347985631970678,0.9821543487502419,0.9407528518346172,0.10816833432159692
chrono,3,LSTM_tuned,Belsot,362.0,0.8895131645667627,0.9801532963739558,0.8825834206015136,0.1282199339492706
chrono,3,LSTM_tuned,Bhada Bridge,362.0,0.8210071681703801,0.8021475672943402,0.8180919898053165,0.1797274325007018
chrono,3,LSTM_tuned,Chameliya/Nayalbadi,362.0,0.9787157582397003,0.9919139296274603,0.9757112140433184,0.06483244902112595
chrono,3,LSTM_tuned,Chatara,362.0,0.5674871696359997,0.9083478823125493,0.6797435925129789,0.18562534482649848
chrono,3,LSTM_tuned,Chisapani,362.0,0.7428751932437361,0.8565284379448095,0.7485818537256703,0.14506072786724822
chrono,3,LSTM_tuned,Devghat,362.0,0.9126892211411523,0.9613384712525203,0.9553837975788955,0.11144167727033336
chrono,3,LSTM_tuned,Khokana,362.0,0.3191648911935203,0.7232733459506913,0.40862102887224105,0.37192874966216666
chrono,3,LSTM_tuned,Kusum,362.0,0.8342785067271914,0.9465217135001588,0.9135313546525057,0.3353818338934305
chrono,3,LSTM_tuned,Rasuwagadhi,362.0,0.9210580707043268,0.9677596491876979,0.9200978447863399,0.09450462086797741
chrono,3,TFT_lite,Bahrabise,362.0,0.9339122999697544,0.9801918060767183,0.9378242225831068,0.11396103395770665
chrono,3,TFT_lite,Belsot,362.0,0.9046208487869406,0.9829150306693919,0.906046511416019,0.11896479441287816
chrono,3,TFT_lite,Bhada Bridge,362.0,0.8800319321421677,0.888708544208775,0.8699725991369043,0.134795248804227
chrono,3,TFT_lite,Chameliya/Nayalbadi,362.0,0.9868634104642494,0.9934479812154029,0.980817789761385,0.05835945611912474
chrono,3,TFT_lite,Chatara,362.0,0.5747018962403514,0.9090906979643748,0.6895807756983254,0.18487159284606416
chrono,3,TFT_lite,Chisapani,362.0,0.7744085347909826,0.870251494010011,0.7907630225368456,0.13794886189214986
chrono,3,TFT_lite,Devghat,362.0,0.9318248460682632,0.9693969696018198,0.9359765996469559,0.09914945818817479
chrono,3,TFT_lite,Khokana,362.0,0.35095614951236387,0.7410836618206984,0.4366212709002397,0.3597609175725262
chrono,3,TFT_lite,Kusum,362.0,0.6421878074312919,0.9347845825930645,0.7927931779017856,0.37036158370611083
chrono,3,TFT_lite,Rasuwagadhi,362.0,0.9228034812740367,0.9693366389220831,0.9516828004423242,0.09216436671983959
chrono,7,B0_persistence,Bahrabise,358.0,0.8437990416148908,0.937762917962114,0.9218644726638144,0.2003781983708934
chrono,7,B0_persistence,Belsot,358.0,0.7348259326450768,0.9253273606393887,0.8656744796866795,0.24658518205980035
chrono,7,B0_persistence,Bhada Bridge,358.0,0.5571490763670497,0.7457796743269339,0.7574491360895576,0.19874257198442102
chrono,7,B0_persistence,Chameliya/Nayalbadi,358.0,0.9419680789708895,0.9634427854713398,0.9200896571460586,0.13480151731978426
chrono,7,B0_persistence,Chatara,358.0,0.15916727883598025,0.7976642436357818,0.585098680382875,0.27437029514936284
chrono,7,B0_persistence,Chisapani,358.0,0.7693765963582988,0.8569869952792089,0.8767847893330367,0.1414197083966099
chrono,7,B0_persistence,Devghat,358.0,0.7779610760014051,0.8811951245509094,0.8894461643362936,0.19459358951421873
chrono,7,B0_persistence,Khokana,358.0,-0.4086957860046303,0.31363712218666506,0.2917423406844524,0.5847391440243772
chrono,7,B0_persistence,Kusum,358.0,0.6371974959577036,0.83688177687444,0.7952945526618206,0.5822895057442838
chrono,7,B0_persistence,Rasuwagadhi,358.0,0.8104777252157137,0.9068197292522872,0.9038207361770787,0.15990283039992495
chrono,7,B1_recession,Bahrabise,358.0,0.8490787442148577,0.943439801125807,0.9225242678588246,0.19102109050211435
chrono,7,B1_recession,Belsot,358.0,0.738608902242267,0.9273043193132408,0.8686167499231239,0.24329911424875922
chrono,7,B1_recession,Bhada Bridge,358.0,0.5602117828016702,0.7455773472948186,0.7275484830013504,0.19882164315450054
chrono,7,B1_recession,Chameliya/Nayalbadi,358.0,0.9447620623302673,0.9668089519289049,0.9202761364446407,0.12844544719546672
chrono,7,B1_recession,Chatara,358.0,0.15632941763262487,0.8027120770359182,0.5822805121705847,0.2709262103014883
chrono,7,B1_recession,Chisapani,358.0,0.7702893947766085,0.8541358470484276,0.871069858860094,0.14282244347615594
chrono,7,B1_recession,Devghat,358.0,0.7779610760014051,0.8811951245509094,0.8894461643362936,0.19459358951421873
chrono,7,B1_recession,Khokana,358.0,-0.40876759899366766,0.313089140928306,0.29182473562342426,0.5849725206914784
chrono,7,B1_recession,Kusum,358.0,0.6384214078083443,0.8384547208402926,0.7949126064566655,0.5794752049343247
chrono,7,B1_recession,Rasuwagadhi,358.0,0.811317253594309,0.9095023831607835,0.9015538341388512,0.15758422437627073
chrono,7,B2_climatology,Bahrabise,358.0,0.8744782796527726,0.9238514375745184,0.8787037386977009,0.22164437323085392
chrono,7,B2_climatology,Belsot,358.0,0.5859306968329598,0.7929177800690191,0.5893054563822215,0.41063657612194665
chrono,7,B2_climatology,Bhada Bridge,358.0,0.5426892389629778,0.5236198111281137,0.5058452308170589,0.2720586988144341
chrono,7,B2_climatology,Chameliya/Nayalbadi,358.0,0.7087657089617299,0.8770038947457016,0.7924586654379344,0.24726002663789165
chrono,7,B2_climatology,Chatara,358.0,0.41065173349202577,0.7321152991660599,0.5144662879179129,0.31570010585548514
chrono,7,B2_climatology,Chisapani,358.0,0.6472700276468172,0.820270760473198,0.7096807250375209,0.15853733012361937
chrono,7,B2_climatology,Devghat,358.0,0.706804346992649,0.6967680677280486,0.7352688600549793,0.31088435296668254
chrono,7,B2_climatology,Khokana,358.0,0.3107082970090609,0.6529504234106793,0.3593645539910604,0.41579669583916573
chrono,7,B2_climatology,Kusum,358.0,0.6565224517732036,0.8276584004589151,0.8216198481614148,0.5985256705546987
chrono,7,B2_climatology,Rasuwagadhi,358.0,0.8803351256027204,0.9179225125759642,0.9165886917311457,0.15007425419198836
chrono,7,B3_ARX,Bahrabise,358.0,0.84445392535532,0.9472793638143896,0.8918979430746442,0.18442346493976283
chrono,7,B3_ARX,Belsot,358.0,0.7822544458066568,0.9442418466443568,0.8909588403387757,0.21307888480234927
chrono,7,B3_ARX,Bhada Bridge,358.0,0.7110963740160241,0.7325079127275158,0.6408905853823454,0.20386432815073527
chrono,7,B3_ARX,Chameliya/Nayalbadi,358.0,0.9323946424507936,0.9756602709575086,0.8226811676097022,0.10999326700006798
chrono,7,B3_ARX,Chatara,358.0,0.46180553589271656,0.818862481085251,0.6052723528671513,0.259600174022867
chrono,7,B3_ARX,Chisapani,358.0,0.6387739865089416,0.8016231338285393,0.6330742024887839,0.1665588387931898
chrono,7,B3_ARX,Devghat,358.0,0.8371657441401278,0.9088329856659663,0.9123257213367262,0.17046305347856971
chrono,7,B3_ARX,Khokana,358.0,0.3155635537356828,0.6646253941956999,0.3614179143901197,0.40874303187998173
chrono,7,B3_ARX,Kusum,358.0,0.2505441164771979,0.8723614691630223,0.4218558371676937,0.5150846651970947
chrono,7,B3_ARX,Rasuwagadhi,358.0,0.8823407032683018,0.9335315386592749,0.9385707687720303,0.13505229847586364
chrono,7,GRAPH_learned,Bahrabise,358.0,0.9174937907062706,0.9704508771802607,0.9308327398787876,0.13806962738844267
chrono,7,GRAPH_learned,Belsot,358.0,0.8186936030234643,0.9591666003332521,0.8928942066539496,0.18234505646473384
chrono,7,GRAPH_learned,Bhada Bridge,358.0,0.6671702126935988,0.7082168618798093,0.7258931887887716,0.2129197094756663
chrono,7,GRAPH_learned,Chameliya/Nayalbadi,358.0,0.9769584634447122,0.9862488312543746,0.9369557357917946,0.08267572985209244
chrono,7,GRAPH_learned,Chatara,358.0,0.5008883720770589,0.8538243130705747,0.6709684814584375,0.23320526054105264
chrono,7,GRAPH_learned,Chisapani,358.0,0.7367968106830889,0.8396701696729403,0.8103258439675987,0.14973707250810298
chrono,7,GRAPH_learned,Devghat,358.0,0.8620038041278295,0.915898920208333,0.9298408642168892,0.1637239386943113
chrono,7,GRAPH_learned,Khokana,358.0,0.3701759888859979,0.6631090393343099,0.4540905884214571,0.40966602986332634
chrono,7,GRAPH_learned,Kusum,358.0,0.6801229959182311,0.8975769933329099,0.8390722796832718,0.4614094476864107
chrono,7,GRAPH_learned,Rasuwagadhi,358.0,0.8995742167798444,0.9466125992836382,0.9485490295801382,0.12103571929380176
chrono,7,GRAPH_none,Bahrabise,358.0,0.9312152948018857,0.9730980163020979,0.9632153239184393,0.1317401060836166
chrono,7,GRAPH_none,Belsot,358.0,0.8235194009486791,0.9576163150619864,0.862184410524784,0.18577427720442075
chrono,7,GRAPH_none,Bhada Bridge,358.0,0.5846927622549085,0.5959014281976854,0.6726101360923548,0.25057020441207
chrono,7,GRAPH_none,Chameliya/Nayalbadi,358.0,0.9784510042135841,0.9851911069252404,0.9879427804538874,0.08579649188824778
chrono,7,GRAPH_none,Chatara,358.0,0.5121945160517991,0.8583147074412876,0.67606742528466,0.2295953863228167
chrono,7,GRAPH_none,Chisapani,358.0,0.5901679776608716,0.7959772911262828,0.7161111374622138,0.1689123586392426
chrono,7,GRAPH_none,Devghat,358.0,0.867231913009442,0.9166614141394197,0.9243582263277235,0.162980055507012
chrono,7,GRAPH_none,Khokana,358.0,0.3532446699239169,0.6677780393917092,0.42308850602102555,0.4068173274049073
chrono,7,GRAPH_none,Kusum,358.0,0.7214714097818371,0.8963588808880195,0.8174949314849164,0.46414509940967047
chrono,7,GRAPH_none,Rasuwagadhi,358.0,0.9022757651701121,0.946253640646656,0.9466382818889701,0.12144193902302267
chrono,7,GRAPH_phys,Bahrabise,358.0,0.931752262464586,0.9738160904747037,0.9521093470714383,0.129969994949474
chrono,7,GRAPH_phys,Belsot,358.0,0.8212281206368754,0.9577400128188288,0.8928822846161615,0.18550298587229755
chrono,7,GRAPH_phys,Bhada Bridge,358.0,0.3827584420879424,0.3732242201603252,0.5348801150410563,0.3120627077122022
chrono,7,GRAPH_phys,Chameliya/Nayalbadi,358.0,0.9705083375230841,0.9834660513595914,0.9317650104751909,0.09065599395485444
chrono,7,GRAPH_phys,Chatara,358.0,0.4972184662525596,0.8485554351010561,0.6783573744610405,0.23737097683979624
chrono,7,GRAPH_phys,Chisapani,358.0,0.41490393637642187,0.7514963897618003,0.5948967078157241,0.18641829124316361
chrono,7,GRAPH_phys,Devghat,358.0,0.8735279010233066,0.9200531116124435,0.9338320406993117,0.1596291424611681
chrono,7,GRAPH_phys,Khokana,358.0,0.37432488562633703,0.6828935788370427,0.48021312334944655,0.39745484190756997
chrono,7,GRAPH_phys,Kusum,358.0,0.5442036933998033,0.8879335030805869,0.7323765218933147,0.4826425654334918
chrono,7,GRAPH_phys,Rasuwagadhi,358.0,0.8944928364051046,0.9441682921705579,0.9467240526045384,0.12377548119524107
chrono,7,HGB,Bahrabise,358.0,0.870889191973791,0.9439464903392012,0.9278713979765739,0.190163543395583
chrono,7,HGB,Belsot,358.0,0.8114114722586401,0.9325476826520303,0.8221243535484835,0.23436063250618044
chrono,7,HGB,Bhada Bridge,358.0,0.2795381608102241,0.4988028669562766,0.48973406046582135,0.2790551613236721
chrono,7,HGB,Chameliya/Nayalbadi,358.0,0.9434507514468611,0.96264017831659,0.9577698865491452,0.13627325493286127
chrono,7,HGB,Chatara,358.0,0.5321580867725146,0.8484194299448231,0.640228510762121,0.23747753911340455
chrono,7,HGB,Chisapani,358.0,0.6042951224135292,0.7843545396811142,0.6949561677230178,0.17365701503946362
chrono,7,HGB,Devghat,358.0,0.8216072410701385,0.8612740748500862,0.8969956348338826,0.21027624471830994
chrono,7,HGB,Khokana,358.0,0.30587223907833294,0.6098440644553101,0.409906019952309,0.44086374302373316
chrono,7,HGB,Kusum,358.0,0.5364674593262984,0.8746906784341744,0.7639692830564799,0.5103632701572768
chrono,7,HGB,Rasuwagadhi,358.0,0.7700117916045173,0.8849179111899578,0.882837812364401,0.17770434025127366
chrono,7,HGB_tuned,Bahrabise,358.0,0.9104678523011106,0.9600712773131843,0.9377122974503541,0.16049760822461343
chrono,7,HGB_tuned,Belsot,358.0,0.826662657814989,0.9494780648586023,0.7943941000716811,0.20282720807971752
chrono,7,HGB_tuned,Bhada Bridge,358.0,0.5451593005701569,0.6116174368556433,0.5927429724345448,0.24564935732209497
chrono,7,HGB_tuned,Chameliya/Nayalbadi,358.0,0.9544665479527571,0.9702358685281415,0.9605142676433631,0.1216339580115318
chrono,7,HGB_tuned,Chatara,358.0,0.5260522460226214,0.8631164960479311,0.6266939189579832,0.22567129897929972
chrono,7,HGB_tuned,Chisapani,358.0,0.7637813393302181,0.8496564854334707,0.8261760278154044,0.14499883770458835
chrono,7,HGB_tuned,Devghat,358.0,0.8520986555067162,0.8933679550206219,0.8663294482807965,0.18435514677729123
chrono,7,HGB_tuned,Khokana,358.0,0.2806403788885823,0.6096984503763702,0.3824274185374531,0.4409460049776596
chrono,7,HGB_tuned,Kusum,358.0,0.7795239141811606,0.904342344707915,0.8337784741586872,0.44591038599814475
chrono,7,HGB_tuned,Rasuwagadhi,358.0,0.8801727610841422,0.9303664390236839,0.9332605418096958,0.13823036973594904
chrono,7,LSTM,Bahrabise,358.0,0.9176586531738616,0.972370168453565,0.9439101265448347,0.1335103624112813
chrono,7,LSTM,Belsot,358.0,0.8126137638441286,0.9552136282639795,0.8214457904970283,0.19096736875708967
chrono,7,LSTM,Bhada Bridge,358.0,0.5364244620573043,0.5064674419248313,0.6357195087769663,0.2769132097093564
chrono,7,LSTM,Chameliya/Nayalbadi,358.0,0.9565565572912583,0.9793435237998691,0.95793346782753,0.10132960512618883
chrono,7,LSTM,Chatara,358.0,0.5192692940702888,0.8653067348617597,0.6559166951939199,0.22385856298378043
chrono,7,LSTM,Chisapani,358.0,0.4757551784206754,0.7490621597743404,0.6063912817381881,0.18732910122166857
chrono,7,LSTM,Devghat,358.0,0.862482309553248,0.9199768544111004,0.9267403426498526,0.15970525530631918
chrono,7,LSTM,Khokana,358.0,0.33237627311022144,0.6572854048210084,0.36702208065940345,0.4131916856820075
chrono,7,LSTM,Kusum,358.0,0.722672832865016,0.8976494329935499,0.7911868470160608,0.4612462506816181
chrono,7,LSTM,Rasuwagadhi,358.0,0.8956876943605051,0.9431339439073582,0.9440144560147832,0.12491676297078207
chrono,7,LSTM_tuned,Bahrabise,358.0,0.919399700568211,0.9717952475867967,0.9418958152286119,0.13489225104231906
chrono,7,LSTM_tuned,Belsot,358.0,0.8164686983423304,0.9547490052671586,0.8258591906200363,0.19195538021609615
chrono,7,LSTM_tuned,Bhada Bridge,358.0,0.5922671624126308,0.5694394539005037,0.692452903171412,0.2586442840797352
chrono,7,LSTM_tuned,Chameliya/Nayalbadi,358.0,0.9645330404181517,0.9823136484570316,0.972709255167683,0.0937621070271228
chrono,7,LSTM_tuned,Chatara,358.0,0.5182396543508575,0.8616886636416982,0.6477166422284584,0.22684523433802697
chrono,7,LSTM_tuned,Chisapani,358.0,0.3781817590341279,0.7245898551074934,0.5448320876329267,0.19625111750207508
chrono,7,LSTM_tuned,Devghat,358.0,0.8773419328307382,0.9251878787742545,0.9376166285195858,0.15441780771201605
chrono,7,LSTM_tuned,Khokana,358.0,0.35480392872395405,0.6698947491425341,0.3942032449218612,0.40551926419298506
chrono,7,LSTM_tuned,Kusum,358.0,0.6926424413269745,0.8866568751216727,0.8219703437884878,0.4853838403509811
chrono,7,LSTM_tuned,Rasuwagadhi,358.0,0.9015634119894884,0.9443658674632899,0.9503993287163748,0.12355628092937575
chrono,7,TFT_lite,Bahrabise,358.0,0.9094647652901297,0.9668310227162513,0.921968359790165,0.1462823392533489
chrono,7,TFT_lite,Belsot,358.0,0.8280746883427299,0.961873779266882,0.8456092331203227,0.17619683497547536
chrono,7,TFT_lite,Bhada Bridge,358.0,0.7229772671842633,0.7539379064216643,0.762654481434095,0.19552762582106434
chrono,7,TFT_lite,Chameliya/Nayalbadi,358.0,0.9687427273026734,0.9837941849230094,0.9681029132623539,0.08975190415036467
chrono,7,TFT_lite,Chatara,358.0,0.5117261207913737,0.8575670835097827,0.6619230333089822,0.23020033678059001
chrono,7,TFT_lite,Chisapani,358.0,0.5718638985325468,0.782851898130713,0.6793147460925638,0.1742609953348314
chrono,7,TFT_lite,Devghat,358.0,0.8685271618754185,0.9237896840878113,0.9250274920739815,0.1558541169824019
chrono,7,TFT_lite,Khokana,358.0,0.3561713353687208,0.6657912232514424,0.3846386374352506,0.40803197677206526
chrono,7,TFT_lite,Kusum,358.0,-0.1102544815135218,0.8590387496908714,0.46503169870255734,0.5412994603151247
chrono,7,TFT_lite,Rasuwagadhi,358.0,0.9021699516786765,0.9479106167654765,0.9440562347055922,0.11955528378609682
fc,1,B0_persistence,Bahrabise,213.0,0.9317038927624481,0.9655707451718867,0.9637247809396634,0.11164546152910736
fc,1,B0_persistence,Belsot,213.0,0.9599302776199126,0.983987987245633,0.9775758501502262,0.11941804721630717
fc,1,B0_persistence,Bhada Bridge,213.0,0.911109272268044,0.9609528825468074,0.9499771104215188,0.12167737898479672
fc,1,B0_persistence,Chameliya/Nayalbadi,213.0,0.99023116715692,0.9947881365061092,0.9870776015582028,0.05971573014997076
fc,1,B0_persistence,Chatara,213.0,0.9073948807792994,0.9573491355478358,0.9529511853632016,0.11829343895955849
fc,1,B0_persistence,Chisapani,213.0,0.8760524581145381,0.9323377674530295,0.9375615548391182,0.11748702669382595
fc,1,B0_persistence,Devghat,213.0,0.967092090753463,0.9796255777227154,0.9806000983219489,0.0588619102680585
fc,1,B0_persistence,Khokana,213.0,0.13634899435729209,0.5430330742901779,0.5698721254682695,0.38753621427286233
fc,1,B0_persistence,Kusum,213.0,0.8195508955849913,0.9509552973434914,0.9089821845681118,0.3649356801324783
fc,1,B0_persistence,Rasuwagadhi,213.0,0.892865297095079,0.9276874932511594,0.9464043653683696,0.06640098140771779
fc,1,B1_recession,Bahrabise,213.0,0.9317038927624481,0.9655707451718867,0.9637247809396634,0.11164546152910736
fc,1,B1_recession,Belsot,213.0,0.9599304103395552,0.9839910725931316,0.9775683142539578,0.11940654135725115
fc,1,B1_recession,Bhada Bridge,213.0,0.9111092244870256,0.9609524533115907,0.9499040477177295,0.12167804776748804
fc,1,B1_recession,Chameliya/Nayalbadi,213.0,0.9902313715407596,0.994790884192733,0.9870375016770542,0.05969998705303907
fc,1,B1_recession,Chatara,213.0,0.9074588093980595,0.9574569792385427,0.9528383518303275,0.11814379046311928
fc,1,B1_recession,Chisapani,213.0,0.8760532445170132,0.9323408503684365,0.9375355603030533,0.11748435011431509
fc,1,B1_recession,Devghat,213.0,0.967092090753463,0.9796255777227154,0.9806000983219489,0.0588619102680585
fc,1,B1_recession,Khokana,213.0,0.13635318627218884,0.5430769430488623,0.569883878016189,0.38751761211617936
fc,1,B1_recession,Kusum,213.0,0.819550900376714,0.9509573316795518,0.9089821095503964,0.36492811143012793
fc,1,B1_recession,Rasuwagadhi,213.0,0.8928224826000459,0.9276462131558735,0.94636278996631,0.06641993143371729
fc,1,B2_climatology,Bahrabise,213.0,0.5623477323787531,0.7835342931024201,0.779599799061936,0.27994441901824113
fc,1,B2_climatology,Belsot,213.0,0.5377118500725044,0.8272523132645524,0.5290766453957481,0.39224112119476584
fc,1,B2_climatology,Bhada Bridge,213.0,0.5427694025835279,0.4952302113620334,0.5622804289191278,0.43748385827493186
fc,1,B2_climatology,Chameliya/Nayalbadi,213.0,0.5089188721027702,0.7792200619599539,0.7308331329347317,0.3886619579716872
fc,1,B2_climatology,Chatara,213.0,0.4969177897942787,0.49938118024252554,0.6595289155122279,0.4052754760388824
fc,1,B2_climatology,Chisapani,213.0,0.5260431245031058,0.6745766559209023,0.7048703098887241,0.25765650003550145
fc,1,B2_climatology,Devghat,213.0,0.3012485850724471,0.49279369242204263,0.674616557967968,0.29368652710127974
fc,1,B2_climatology,Khokana,213.0,0.18009272077601712,0.31560557813426193,0.2517550483533929,0.4742672534183889
fc,1,B2_climatology,Kusum,213.0,0.4501731770586699,0.7384136417872378,0.731452695419043,0.8428063901360945
fc,1,B2_climatology,Rasuwagadhi,213.0,0.604480605337306,0.6322834237420438,0.815270699833775,0.14973536783128627
fc,1,B3_ARX,Bahrabise,213.0,0.9348709392046249,0.969191085073106,0.9506479563906591,0.10561253408861249
fc,1,B3_ARX,Belsot,213.0,0.9625103784375832,0.9855834442260735,0.9801130966353918,0.11331248388080906
fc,1,B3_ARX,Bhada Bridge,213.0,0.9186799563060339,0.9588428115299086,0.9262257329908332,0.12492179228409428
fc,1,B3_ARX,Chameliya/Nayalbadi,213.0,0.9910521238653782,0.9960578316855986,0.9856498774537154,0.05193496127141681
fc,1,B3_ARX,Chatara,213.0,0.9157532365491449,0.9582649302159364,0.941344457503814,0.11701655563906423
fc,1,B3_ARX,Chisapani,213.0,0.8992741503333977,0.9434978676195295,0.9470876246192197,0.10736164829037945
fc,1,B3_ARX,Devghat,213.0,0.9700255269462353,0.9824528110184668,0.9793792138318597,0.0546255065796071
fc,1,B3_ARX,Khokana,213.0,0.4931099140121109,0.7039762794638834,0.6017606744374782,0.31191277668571044
fc,1,B3_ARX,Kusum,213.0,0.8596099266015276,0.9576567652967384,0.9114425908654709,0.3390878977292084
fc,1,B3_ARX,Rasuwagadhi,213.0,0.9144840299226524,0.9425781443377743,0.9553285325979186,0.059170658361045014
fc,1,GRAPH_learned,Bahrabise,213.0,0.9422088480909566,0.9720438232257951,0.9619382682193934,0.10060420903608282
fc,1,GRAPH_learned,Belsot,213.0,0.9625550372257495,0.9866307591610753,0.9750854831359608,0.10911899940523198
fc,1,GRAPH_learned,Bhada Bridge,213.0,0.9251326102639795,0.9430987751616526,0.9097392433659786,0.14688456608936107
fc,1,GRAPH_learned,Chameliya/Nayalbadi,213.0,0.990226632069386,0.9953277116359466,0.9887543792290451,0.0565401621823149
fc,1,GRAPH_learned,Chatara,213.0,0.9200413902046447,0.9613448360233088,0.943959461666225,0.11261610390393731
fc,1,GRAPH_learned,Chisapani,213.0,0.900605877570469,0.9340308026505798,0.9195587841993371,0.11600784283179956
fc,1,GRAPH_learned,Devghat,213.0,0.9697560569902407,0.9810255829141623,0.9834709743941262,0.05680360806438626
fc,1,GRAPH_learned,Khokana,213.0,0.4580704548202329,0.6737634089025305,0.6161104036115554,0.3274434021907319
fc,1,GRAPH_learned,Kusum,213.0,0.8726343191365727,0.9608094392317836,0.9250381364166057,0.3262203227028184
fc,1,GRAPH_learned,Rasuwagadhi,213.0,0.9208257707572663,0.9460412724202936,0.9563349477877876,0.057358612807277914
fc,1,GRAPH_none,Bahrabise,213.0,0.9422132736888579,0.970756346042347,0.9628554849617845,0.10289471771679175
fc,1,GRAPH_none,Belsot,213.0,0.964105234339347,0.9867896259438643,0.9682752715071551,0.10846873092763058
fc,1,GRAPH_none,Bhada Bridge,213.0,0.9241838504725288,0.9388933187352017,0.9007568038003948,0.15221578998255442
fc,1,GRAPH_none,Chameliya/Nayalbadi,213.0,0.9896208815818993,0.9954187346307134,0.9818239730257398,0.05598671098640287
fc,1,GRAPH_none,Chatara,213.0,0.9147464173428596,0.9577607598642491,0.9368276785578203,0.11772122881511103
fc,1,GRAPH_none,Chisapani,213.0,0.8880702135105286,0.9229362679669828,0.886522085568676,0.12538389870023411
fc,1,GRAPH_none,Devghat,213.0,0.9686921830324917,0.9809602817589775,0.9704891692041389,0.05690126996435051
fc,1,GRAPH_none,Khokana,213.0,0.4303706221740913,0.6676687239397172,0.6019674672396841,0.3304878641632758
fc,1,GRAPH_none,Kusum,213.0,0.8718990811857947,0.9605355766641476,0.9197777600155138,0.3273581477407925
fc,1,GRAPH_none,Rasuwagadhi,213.0,0.9275288123507371,0.9484277716169063,0.9595848071285255,0.05607583358780476
fc,1,GRAPH_phys,Bahrabise,213.0,0.9447071040779927,0.9719584669364904,0.9691097248772442,0.10075767525178664
fc,1,GRAPH_phys,Belsot,213.0,0.9644417992738106,0.9866374342746735,0.9771866142893353,0.1090917550513282
fc,1,GRAPH_phys,Bhada Bridge,213.0,0.9130717299888739,0.9139465680474742,0.8800914957431019,0.18063398157610613
fc,1,GRAPH_phys,Chameliya/Nayalbadi,213.0,0.9894915266922083,0.9951298070770962,0.9822591779805653,0.057725182308446726
fc,1,GRAPH_phys,Chatara,213.0,0.9194487766943427,0.9606734626326916,0.9482040499670606,0.113589867502721
fc,1,GRAPH_phys,Chisapani,213.0,0.8960745568205816,0.9268720186957196,0.9087149128981039,0.12214017659782031
fc,1,GRAPH_phys,Devghat,213.0,0.9718134315504907,0.982380161066551,0.9769449825554642,0.054738471717875894
fc,1,GRAPH_phys,Khokana,213.0,0.469295349535375,0.688585012345713,0.5942272244120521,0.3199187277082731
fc,1,GRAPH_phys,Kusum,213.0,0.8597424608673876,0.9586903425419862,0.9130034434046931,0.3349238470557635
fc,1,GRAPH_phys,Rasuwagadhi,213.0,0.9241477760437826,0.9458261043041993,0.9571501712310585,0.05747286184600035
fc,1,HGB,Bahrabise,213.0,0.9237655107543228,0.9634018213678642,0.9447983983385292,0.11510839491092133
fc,1,HGB,Belsot,213.0,0.9481440636992648,0.9838948295876165,0.9410608137945049,0.11976492964231752
fc,1,HGB,Bhada Bridge,213.0,0.9412995532700009,0.9633644422240434,0.9446357331584736,0.11786008793145705
fc,1,HGB,Chameliya/Nayalbadi,213.0,0.9826272814175787,0.9946916671399507,0.9719762734325557,0.06026585251316354
fc,1,HGB,Chatara,213.0,0.9025205425978511,0.9488401474456213,0.9427691045374572,0.12955714845637825
fc,1,HGB,Chisapani,213.0,0.9198249229281912,0.9488488607252231,0.9500301039305986,0.10215141970150073
fc,1,HGB,Devghat,213.0,0.9684594109057705,0.9815476573702678,0.9824326090282303,0.05601669166168811
fc,1,HGB,Khokana,213.0,0.5639138586893577,0.7353139353453162,0.6252646075947723,0.29494120276397373
fc,1,HGB,Kusum,213.0,0.8780222285365227,0.9590015826528416,0.9084740437330523,0.3336597499156263
fc,1,HGB,Rasuwagadhi,213.0,0.9399276979760811,0.9574158547573843,0.969114383214935,0.05095558091508719
fc,1,LSTM,Bahrabise,213.0,0.9390710258922877,0.9723932585098546,0.9377119359660815,0.09997348607281212
fc,1,LSTM,Belsot,213.0,0.9541138467595588,0.9849892194303763,0.9176819394485983,0.11562417306016858
fc,1,LSTM,Bhada Bridge,213.0,0.9348906523870257,0.9384192693052139,0.8964451219453353,0.1528050741811973
fc,1,LSTM,Chameliya/Nayalbadi,213.0,0.9866442068852609,0.9943382668303968,0.9771690838324916,0.06223961957038385
fc,1,LSTM,Chatara,213.0,0.9269851915889309,0.964062640298391,0.9473163486237286,0.10858499648604401
fc,1,LSTM,Chisapani,213.0,0.8936898575556101,0.9287931866838517,0.9171905888539833,0.12052510717814377
fc,1,LSTM,Devghat,213.0,0.9575576870230752,0.9763319119934014,0.978412398662806,0.06344147746431009
fc,1,LSTM,Khokana,213.0,0.4586485881617055,0.6886127216856379,0.60707868214166,0.3199044943952855
fc,1,LSTM,Kusum,213.0,0.8706285957561888,0.9595291104466253,0.9231075926097337,0.33150619547691
fc,1,LSTM,Rasuwagadhi,213.0,0.9152188903182161,0.9368058589070926,0.9449137491843704,0.06207349481235739
fc,1,TFT_lite,Bahrabise,213.0,0.9424845671371677,0.972307188598543,0.9591318398457963,0.10012920913710308
fc,1,TFT_lite,Belsot,213.0,0.9609285959936475,0.9876439848759735,0.9398501953762506,0.10490259150597753
fc,1,TFT_lite,Bhada Bridge,213.0,0.9468512829405158,0.9647995593742559,0.9457892162884161,0.11552857248849543
fc,1,TFT_lite,Chameliya/Nayalbadi,213.0,0.9903958872557731,0.9954418525920827,0.9829427645121849,0.05584527238034777
fc,1,TFT_lite,Chatara,213.0,0.9224569947408902,0.959943522043076,0.9448236843850047,0.11463919257289727
fc,1,TFT_lite,Chisapani,213.0,0.902435345402035,0.9359286294717298,0.9332586184552274,0.1143269869893873
fc,1,TFT_lite,Devghat,213.0,0.9676297056008349,0.9812004878519074,0.9814041683053438,0.056541195964902306
fc,1,TFT_lite,Khokana,213.0,0.5042466800406783,0.7125901016071872,0.5961974598086524,0.3073411906476496
fc,1,TFT_lite,Kusum,213.0,0.8560395255873068,0.9580137855510759,0.9048037823676676,0.33765534894057375
fc,1,TFT_lite,Rasuwagadhi,213.0,0.9304525404825541,0.9515201819454763,0.9622630999859103,0.0543686163074389
fc,3,B0_persistence,Bahrabise,211.0,0.8437171483934061,0.8951196050002496,0.9151603288061387,0.18949825212082572
fc,3,B0_persistence,Belsot,211.0,0.871338592121315,0.9367115412725886,0.9304543366958196,0.2332715573736931
fc,3,B0_persistence,Bhada Bridge,211.0,0.7766003472113575,0.868135587700335,0.8721260373581607,0.2237481249440797
fc,3,B0_persistence,Chameliya/Nayalbadi,211.0,0.9534525316161417,0.9693501723197354,0.9576022563942318,0.14184284705987166
fc,3,B0_persistence,Chatara,211.0,0.7614646249858796,0.8797608157954347,0.8798861290564017,0.1971440634153745
fc,3,B0_persistence,Chisapani,211.0,0.6745581166049244,0.7833494943249067,0.8382993037865905,0.20638888816517637
fc,3,B0_persistence,Devghat,211.0,0.8572509815717143,0.9015845392395498,0.9236351154102408,0.12687487344713583
fc,3,B0_persistence,Khokana,211.0,-0.5013385706318292,-0.017178829328003964,0.2591700247953549,0.5660002564338213
fc,3,B0_persistence,Kusum,211.0,0.49382299466614243,0.8180557523045635,0.7469846924386567,0.6884534086588655
fc,3,B0_persistence,Rasuwagadhi,211.0,0.6797328746011873,0.771587238763005,0.8421534051571637,0.1164284201063137
fc,3,B1_recession,Bahrabise,211.0,0.8437171483934061,0.8951196050002496,0.9151603288061387,0.18949825212082572
fc,3,B1_recession,Belsot,211.0,0.8713392331187215,0.9367271927520271,0.9304361023126861,0.23324271111313857
fc,3,B1_recession,Bhada Bridge,211.0,0.7766048805312625,0.8681555391995568,0.8719351410852718,0.22373119740717237
fc,3,B1_recession,Chameliya/Nayalbadi,211.0,0.9534600790358376,0.9694665301338443,0.9574946920022163,0.14157334770263974
fc,3,B1_recession,Chatara,211.0,0.7614907870953207,0.8801177808163978,0.8795293142556931,0.19685120612449844
fc,3,B1_recession,Chisapani,211.0,0.6745585728744049,0.7833479203269051,0.8382872115304061,0.20638963788673018
fc,3,B1_recession,Devghat,211.0,0.8572509815717143,0.9015845392395498,0.9236351154102408,0.12687487344713583
fc,3,B1_recession,Khokana,211.0,-0.5013611669551306,-0.017374726433830867,0.25920895392352983,0.5660547564248739
fc,3,B1_recession,Kusum,211.0,0.4938231773028575,0.8181947076881135,0.7469867285359719,0.6881904638805774
fc,3,B1_recession,Rasuwagadhi,211.0,0.6757129520913565,0.7677946365818832,0.8403122890759815,0.11739103878382987
fc,3,B2_climatology,Bahrabise,211.0,0.5409759619023109,0.7711318865554739,0.771332362135271,0.2799308070430773
fc,3,B2_climatology,Belsot,211.0,0.5274957032232289,0.8195485502791956,0.5247820785692323,0.393894318721816
fc,3,B2_climatology,Bhada Bridge,211.0,0.5388104896027015,0.49145786313683704,0.5605314374797282,0.43939901047469554
fc,3,B2_climatology,Chameliya/Nayalbadi,211.0,0.48821592285236515,0.7662449777583926,0.7207902547448909,0.39171833193572725
fc,3,B2_climatology,Chatara,211.0,0.48639304795432825,0.4888459204240452,0.6473345088353665,0.4064775917712236
fc,3,B2_climatology,Chisapani,211.0,0.5108307117623906,0.6589826295986668,0.6933354542865591,0.2589373556624207
fc,3,B2_climatology,Devghat,211.0,0.27789943383635685,0.48572989636690034,0.6663063682705563,0.2900277784473584
fc,3,B2_climatology,Khokana,211.0,0.15602059997207685,0.2687513557115938,0.23408152947261585,0.4798997333547729
fc,3,B2_climatology,Kusum,211.0,0.43276019815965283,0.7250607965103399,0.7236396787609983,0.846298799533213
fc,3,B2_climatology,Rasuwagadhi,211.0,0.5954929552367243,0.6274231157714318,0.8096701958927469,0.1486985643556309
fc,3,B3_ARX,Bahrabise,211.0,0.812486952842137,0.90994334346046,0.8677167438666756,0.17559654273367695
fc,3,B3_ARX,Belsot,211.0,0.8958000043222495,0.9497113834909076,0.9240266106096682,0.20793824446561257
fc,3,B3_ARX,Bhada Bridge,211.0,0.8066468838291969,0.858109085705453,0.8202691097658773,0.232098800679575
fc,3,B3_ARX,Chameliya/Nayalbadi,211.0,0.9524554285915869,0.978291382018074,0.9674325953481757,0.11937393480593082
fc,3,B3_ARX,Chatara,211.0,0.8182541816392319,0.8963312670850665,0.8828073741410107,0.1830562614093233
fc,3,B3_ARX,Chisapani,211.0,0.7403388700550662,0.8248171350992062,0.8483155508424682,0.18558901644164671
fc,3,B3_ARX,Devghat,211.0,0.887469003303448,0.9268873895954468,0.9343126126768511,0.10935536691982269
fc,3,B3_ARX,Khokana,211.0,0.1712880560875769,0.36035565554725957,0.2800504947151854,0.4488355561464315
fc,3,B3_ARX,Kusum,211.0,0.4991271416370948,0.8596569464708874,0.7351783938457166,0.6046455354542563
fc,3,B3_ARX,Rasuwagadhi,211.0,0.7404359392295141,0.8121783095332853,0.8718284405371777,0.1055775779929251
fc,3,GRAPH_learned,Bahrabise,211.0,0.8645431131583754,0.9248449833019785,0.9126225738452931,0.16041206845647227
fc,3,GRAPH_learned,Belsot,211.0,0.8931614236926013,0.9584090452818687,0.9332297638786847,0.18910324176229568
fc,3,GRAPH_learned,Bhada Bridge,211.0,0.7776768768400594,0.7520496708181355,0.7713794241313502,0.30681596051369997
fc,3,GRAPH_learned,Chameliya/Nayalbadi,211.0,0.9521698053792166,0.9740870960486452,0.9684150508798651,0.13042218262992084
fc,3,GRAPH_learned,Chatara,211.0,0.8208510877469057,0.8915955252145549,0.8617357260386623,0.18719071278840702
fc,3,GRAPH_learned,Chisapani,211.0,0.6377070611366551,0.7415670924009581,0.7819045914565377,0.22541372966453227
fc,3,GRAPH_learned,Devghat,211.0,0.8959860298457415,0.9254910230690223,0.9436289175569053,0.1103947085839709
fc,3,GRAPH_learned,Khokana,211.0,0.24676925839181807,0.4224266453463049,0.41091827308151485,0.42650246598979996
fc,3,GRAPH_learned,Kusum,211.0,0.5816478514283971,0.8803720388438812,0.7718817369678379,0.5582410131825546
fc,3,GRAPH_learned,Rasuwagadhi,211.0,0.7619365215346567,0.82720867874043,0.8825230863834842,0.10126509741366804
fc,3,GRAPH_none,Bahrabise,211.0,0.8757617974538835,0.9186118887966257,0.9285720840382166,0.16693159231441407
fc,3,GRAPH_none,Belsot,211.0,0.8993355287031743,0.9571881317825479,0.9179705227277333,0.1918587537257845
fc,3,GRAPH_none,Bhada Bridge,211.0,0.7476571196916122,0.6954534973668367,0.7217403127213237,0.3400340525484024
fc,3,GRAPH_none,Chameliya/Nayalbadi,211.0,0.9570785737822116,0.9770940644028587,0.9522008871110992,0.12262172996144328
fc,3,GRAPH_none,Chatara,211.0,0.8143045067433629,0.8593407166031067,0.8417490269831882,0.21322832406481856
fc,3,GRAPH_none,Chisapani,211.0,0.5340175236525049,0.6706701686269636,0.7212573866642057,0.2544614477934902
fc,3,GRAPH_none,Devghat,211.0,0.9005837743527269,0.9300057561001575,0.9309792193739983,0.10699786709933853
fc,3,GRAPH_none,Khokana,211.0,0.1943718250815406,0.4074145359160487,0.3688513893497708,0.4320096707734582
fc,3,GRAPH_none,Kusum,211.0,0.5838341815293446,0.8744620423982149,0.759072084218769,0.5718642126696608
fc,3,GRAPH_none,Rasuwagadhi,211.0,0.7794871221261399,0.8319492602408246,0.8823386000587218,0.09986631761190416
fc,3,GRAPH_phys,Bahrabise,211.0,0.8838864389407834,0.9235225931186455,0.9407543243729332,0.16181717986719102
fc,3,GRAPH_phys,Belsot,211.0,0.8984040143489515,0.9572324044589094,0.9307960100361802,0.1917595254278391
fc,3,GRAPH_phys,Bhada Bridge,211.0,0.6273870605422809,0.5665104057880836,0.6505810768719075,0.40568125550765943
fc,3,GRAPH_phys,Chameliya/Nayalbadi,211.0,0.9554006585485565,0.9761551565185285,0.9550944153630061,0.12510960683078165
fc,3,GRAPH_phys,Chatara,211.0,0.8241431261979176,0.8902441413589754,0.87556154248864,0.1883538705161407
fc,3,GRAPH_phys,Chisapani,211.0,0.5758255561382571,0.7066701439108668,0.7361720235103801,0.24015110678993737
fc,3,GRAPH_phys,Devghat,211.0,0.9108267865955069,0.9362998131018467,0.9425111019941376,0.10207380648267958
fc,3,GRAPH_phys,Khokana,211.0,0.2579258223190046,0.4449639147502811,0.38410710314744234,0.418098473033706
fc,3,GRAPH_phys,Kusum,211.0,0.49870490251046007,0.874437334442078,0.7321662282566279,0.5719204860908091
fc,3,GRAPH_phys,Rasuwagadhi,211.0,0.7874100674670059,0.8392658461711732,0.8705538494613414,0.09766813755778726
fc,3,HGB,Bahrabise,211.0,0.8044478063739342,0.9027711539605165,0.9006774921928653,0.1824549360379456
fc,3,HGB,Belsot,211.0,0.8845893431986991,0.935929015524849,0.9401839940597858,0.23470926190353236
fc,3,HGB,Bhada Bridge,211.0,0.789496183920618,0.8063003807430122,0.8012516048142663,0.2711814548229901
fc,3,HGB,Chameliya/Nayalbadi,211.0,0.9342033530536342,0.9769480902064862,0.9488395315091639,0.12301182931004785
fc,3,HGB,Chatara,211.0,0.7157265076034811,0.7434098694671835,0.7783270567433372,0.28799216128178173
fc,3,HGB,Chisapani,211.0,0.6020246053389154,0.7371948460818496,0.7703604377974349,0.22731254111344049
fc,3,HGB,Devghat,211.0,0.8855438155037767,0.9231750246670208,0.9426142712600831,0.11209730504658164
fc,3,HGB,Khokana,211.0,0.19004271806429607,0.32442209205611805,0.3477619287048419,0.46127051124703417
fc,3,HGB,Kusum,211.0,0.6021492579022778,0.8827503279213109,0.7115690313736397,0.5526640409163746
fc,3,HGB,Rasuwagadhi,211.0,0.6998569762459049,0.7575538388558898,0.8370106003276292,0.1199517195968073
fc,3,LSTM,Bahrabise,211.0,0.8495604640842488,0.9248584434499127,0.8850618739140906,0.1603977030358296
fc,3,LSTM,Belsot,211.0,0.8595886170177787,0.952992779380704,0.8310275416600832,0.20103969461340437
fc,3,LSTM,Bhada Bridge,211.0,0.7758229579140923,0.7351623390614445,0.7422993986706095,0.317092138514791
fc,3,LSTM,Chameliya/Nayalbadi,211.0,0.9482481094502743,0.9786265744993058,0.9441348836549756,0.11844875141656128
fc,3,LSTM,Chatara,211.0,0.8373074788258066,0.8642929159293969,0.8464664688270643,0.20944112049471042
fc,3,LSTM,Chisapani,211.0,0.5812516884577885,0.7072762880240427,0.7514445993748378,0.23990285136209316
fc,3,LSTM,Devghat,211.0,0.860843464124492,0.9136581868196361,0.9180934467504202,0.1188377825699071
fc,3,LSTM,Khokana,211.0,0.21438399890671977,0.3970749732024821,0.3424368596303724,0.43576227281606716
fc,3,LSTM,Kusum,211.0,0.5638603636489189,0.8734755735100616,0.7514081346411611,0.5741066514549998
fc,3,LSTM,Rasuwagadhi,211.0,0.735544635844742,0.7968027486410435,0.8726065639833263,0.10981400643377807
fc,3,TFT_lite,Bahrabise,211.0,0.8675867719269924,0.9317226543575595,0.9227913588517523,0.152896085171562
fc,3,TFT_lite,Belsot,211.0,0.8828063030685536,0.9641171892284076,0.8443867946218,0.17564781695692172
fc,3,TFT_lite,Bhada Bridge,211.0,0.8544991773564551,0.8715969317951672,0.852539835179508,0.22079198495558677
fc,3,TFT_lite,Chameliya/Nayalbadi,211.0,0.9611945026314694,0.9791268440905032,0.9547290838522017,0.11705432900091836
fc,3,TFT_lite,Chatara,211.0,0.8439879297861608,0.897712990125308,0.8438848296088026,0.18183225922930005
fc,3,TFT_lite,Chisapani,211.0,0.622267582053762,0.7381194762530349,0.7734184987961179,0.2269123106965902
fc,3,TFT_lite,Devghat,211.0,0.8925461077475902,0.9329351907358204,0.9321265159460912,0.10473487148754966
fc,3,TFT_lite,Khokana,211.0,0.22580096573613118,0.43332016776303794,0.33754922607806226,0.4224612211745669
fc,3,TFT_lite,Kusum,211.0,0.20567358729824414,0.8642591638434591,0.6135701916576615,0.5946489410971586
fc,3,TFT_lite,Rasuwagadhi,211.0,0.7932174350186758,0.8492050712126391,0.8639761837371441,0.09460022957101143
fc,7,B0_persistence,Bahrabise,207.0,0.5857179541963486,0.6750056480366786,0.7946230552509543,0.31318871464121906
fc,7,B0_persistence,Belsot,207.0,0.5717753733842041,0.7826337502071425,0.7756052880909201,0.42071203170386884
fc,7,B0_persistence,Bhada Bridge,207.0,0.4448324366080696,0.6390824817167238,0.6924240865779235,0.3691955433630223
fc,7,B0_persistence,Chameliya/Nayalbadi,207.0,0.8248605583168527,0.8629852367409963,0.8837638335424239,0.2850547281335462
fc,7,B0_persistence,Chatara,207.0,0.5048703660732153,0.7421294424963101,0.7114268640728512,0.2914351935338876
fc,7,B0_persistence,Chisapani,207.0,0.3980504222738527,0.5833314794512783,0.7097485623669434,0.2726878574343875
fc,7,B0_persistence,Devghat,207.0,0.5003909440039784,0.6286664893591003,0.7582217733344461,0.23829903625404641
fc,7,B0_persistence,Khokana,207.0,-0.44433141525187625,-0.41916394204257634,0.12284473519365335,0.6741653006193269
fc,7,B0_persistence,Kusum,207.0,0.18746698577043763,0.5437980968037589,0.6002160241120951,1.0311281147846028
fc,7,B0_persistence,Rasuwagadhi,207.0,0.41014750309432324,0.5212526936160575,0.7112788548702005,0.16680205169429102
fc,7,B1_recession,Bahrabise,207.0,0.5857179541963486,0.6750056480366786,0.7946230552509543,0.31318871464121906
fc,7,B1_recession,Belsot,207.0,0.571775808530838,0.7826489958533432,0.7756069402164886,0.42069727748313623
fc,7,B1_recession,Bhada Bridge,207.0,0.4447700964631637,0.6387879648594672,0.6921918531581622,0.3693461486014342
fc,7,B1_recession,Chameliya/Nayalbadi,207.0,0.8248719034112479,0.8631635534318225,0.8835640263265729,0.2848691767248572
fc,7,B1_recession,Chatara,207.0,0.4815574578997822,0.7250980348610465,0.6998729140398412,0.300905439325909
fc,7,B1_recession,Chisapani,207.0,0.3979661302300941,0.582879037990148,0.7098237258258691,0.2728358669585405
fc,7,B1_recession,Devghat,207.0,0.5003909440039784,0.6286664893591003,0.7582217733344461,0.23829903625404641
fc,7,B1_recession,Khokana,207.0,-0.444432217972597,-0.4202681911130268,0.12291427116625908,0.6744275330604416
fc,7,B1_recession,Kusum,207.0,0.18746753906211844,0.54429244990736,0.6002244592714826,1.0305692837631324
fc,7,B1_recession,Rasuwagadhi,207.0,0.39287277360171124,0.5027605681797509,0.7046655826952445,0.16999298393685708
fc,7,B2_climatology,Bahrabise,207.0,0.44722865891291996,0.7159435050913272,0.7345409544405694,0.2927996542617101
fc,7,B2_climatology,Belsot,207.0,0.4487349416548161,0.7792121780889978,0.4736216765475665,0.42401032643570274
fc,7,B2_climatology,Bhada Bridge,207.0,0.5287784335611182,0.47929048208153346,0.5525208237693373,0.44345568493358745
fc,7,B2_climatology,Chameliya/Nayalbadi,207.0,0.43972574128682695,0.7321285140693488,0.6985245955003304,0.3985729398729423
fc,7,B2_climatology,Chatara,207.0,0.350212612549887,0.4364505595025776,0.49336117291998394,0.4308311811953479
fc,7,B2_climatology,Chisapani,207.0,0.4736759803174535,0.6164261265129412,0.6680451440786324,0.2616344713647027
fc,7,B2_climatology,Devghat,207.0,0.172083567074923,0.4177340779562385,0.6212116191173492,0.2984014305067098
fc,7,B2_climatology,Khokana,207.0,-0.011601833378157345,0.10165602665789464,0.005966982109323893,0.5363785980505342
fc,7,B2_climatology,Kusum,207.0,0.3841893326290655,0.6807033103573035,0.7019643741789467,0.8626433725689864
fc,7,B2_climatology,Rasuwagadhi,207.0,0.45406676939941704,0.529283024879713,0.7097877162485396,0.1653971975163421
fc,7,B3_ARX,Bahrabise,207.0,0.4915116993112776,0.7340349298803243,0.720589206284367,0.28332213078809043
fc,7,B3_ARX,Belsot,207.0,0.6481148203136144,0.8284027758187525,0.7515883572774433,0.37380405234290615
fc,7,B3_ARX,Bhada Bridge,207.0,0.6639889488613808,0.7404261388324072,0.7336851651095508,0.31309991330020376
fc,7,B3_ARX,Chameliya/Nayalbadi,207.0,0.7955297553105312,0.8948251824905087,0.8829336522855754,0.24974709779853516
fc,7,B3_ARX,Chatara,207.0,0.5450031708504515,0.7631627247770472,0.6931033138718812,0.27929691849039867
fc,7,B3_ARX,Chisapani,207.0,0.5100125509298823,0.6696991463670363,0.7504381765516812,0.24278692931559928
fc,7,B3_ARX,Devghat,207.0,0.5757152952895861,0.7114830966533601,0.7923640807082759,0.21005152810171573
fc,7,B3_ARX,Khokana,207.0,-0.015173358196843623,0.13694738425704867,0.01934070187101511,0.5257372487346745
fc,7,B3_ARX,Kusum,207.0,-0.131112065040504,0.6606740831315314,0.44362062429347593,0.889288339395677
fc,7,B3_ARX,Rasuwagadhi,207.0,0.5164098289142116,0.6188509468820554,0.7643733791803826,0.14883176739758192
fc,7,GRAPH_learned,Bahrabise,207.0,0.7113596320565886,0.7953015684694074,0.8464830929849511,0.24855668906022688
fc,7,GRAPH_learned,Belsot,207.0,0.6550270205275561,0.8642914313309269,0.774360367976002,0.33242410716073334
fc,7,GRAPH_learned,Bhada Bridge,207.0,0.5866811293827257,0.5784292305731762,0.6443532630546909,0.39901361319058115
fc,7,GRAPH_learned,Chameliya/Nayalbadi,207.0,0.8292618483350915,0.9034300025434672,0.9145200483489087,0.23931266120629635
fc,7,GRAPH_learned,Chatara,207.0,0.5857719560968649,0.7526293786600122,0.6453885600075474,0.2854402253863516
fc,7,GRAPH_learned,Chisapani,207.0,0.33794973475036383,0.5304473004632501,0.6565452631607489,0.289476040919251
fc,7,GRAPH_learned,Devghat,207.0,0.6263760929235891,0.7332935310935336,0.8134793679351628,0.20195610650707552
fc,7,GRAPH_learned,Khokana,207.0,0.08157535027456542,0.23365894205911708,0.1874521247135078,0.49540587961640503
fc,7,GRAPH_learned,Kusum,207.0,0.2575136405830949,0.6968729626112423,0.6251814754551186,0.8405168404198573
fc,7,GRAPH_learned,Rasuwagadhi,207.0,0.6170907109901278,0.710391065523843,0.7848216524649934,0.1297341152117333
fc,7,GRAPH_none,Bahrabise,207.0,0.7303923151014067,0.7636067460910543,0.8631854989497133,0.2671072874950466
fc,7,GRAPH_none,Belsot,207.0,0.6560647137590014,0.8483434938554679,0.7436928418932554,0.35141427500628547
fc,7,GRAPH_none,Bhada Bridge,207.0,0.3619053227803024,0.33636848958926635,0.5107337013767663,0.5006289580574962
fc,7,GRAPH_none,Chameliya/Nayalbadi,207.0,0.8450977291341367,0.9022321051116567,0.896310451456873,0.24079235727757425
fc,7,GRAPH_none,Chatara,207.0,0.559881038683389,0.6498712142802188,0.6071207231908684,0.3395901028181219
fc,7,GRAPH_none,Chisapani,207.0,-0.2844930446605367,0.28304072205598774,0.43817168593189026,0.35769897692983865
fc,7,GRAPH_none,Devghat,207.0,0.6762500728739728,0.7760559281320007,0.8398111613038429,0.18505891001426195
fc,7,GRAPH_none,Khokana,207.0,0.028067365076393846,0.15405926685739624,0.13440343281354017,0.5204992141672642
fc,7,GRAPH_none,Kusum,207.0,0.2043530614971466,0.675143106088899,0.5990997789828274,0.8701219522541445
fc,7,GRAPH_none,Rasuwagadhi,207.0,0.6018865282900547,0.6793421218907036,0.7556440045575004,0.1365114795167959
fc,7,GRAPH_phys,Bahrabise,207.0,0.7462826168207286,0.782200518868023,0.8739233205669452,0.2563873645035091
fc,7,GRAPH_phys,Belsot,207.0,0.6572966007686099,0.8518218281863863,0.7853419874841924,0.3473609486060541
fc,7,GRAPH_phys,Bhada Bridge,207.0,0.18275600338880282,0.15923213509312528,0.396862299624937,0.5634955875374608
fc,7,GRAPH_phys,Chameliya/Nayalbadi,207.0,0.8333450572393092,0.9002355555574254,0.8941978397525483,0.24323858061403028
fc,7,GRAPH_phys,Chatara,207.0,0.6020293165415971,0.7477177328237973,0.6725732822903033,0.28826006369439783
fc,7,GRAPH_phys,Chisapani,207.0,0.022194053160053184,0.4267205020584436,0.5217080256555362,0.3198553790141907
fc,7,GRAPH_phys,Devghat,207.0,0.6722718833372219,0.7653266225892446,0.8382796264475748,0.18944019255536895
fc,7,GRAPH_phys,Khokana,207.0,0.08037189947313828,0.23674268193417325,0.16330564058308816,0.4944081235845125
fc,7,GRAPH_phys,Kusum,207.0,0.15748286977287884,0.7054392067778484,0.5744332031486175,0.828555400077352
fc,7,GRAPH_phys,Rasuwagadhi,207.0,0.622751594599967,0.7032583765241138,0.7511381026756152,0.13132198859557348
fc,7,HGB,Bahrabise,207.0,0.5919481335353418,0.7520132160176369,0.794163660930695,0.27357881615192153
fc,7,HGB,Belsot,207.0,0.6452430861536489,0.7937128517304154,0.7045211609316531,0.4098500214352394
fc,7,HGB,Bhada Bridge,207.0,0.502775878522158,0.5200889443053425,0.6101691240821226,0.42572861915379073
fc,7,HGB,Chameliya/Nayalbadi,207.0,0.8689481414393816,0.9275438213165352,0.9214687347716453,0.20729187482739617
fc,7,HGB,Chatara,207.0,0.29711568277154565,0.29845742468891034,0.5023969807868723,0.4806933703928235
fc,7,HGB,Chisapani,207.0,0.31664325848697217,0.48261193127692137,0.6292284332972619,0.3038635861449247
fc,7,HGB,Devghat,207.0,0.5368790870735185,0.6857824678394007,0.7737959175091957,0.21920750595930424
fc,7,HGB,Khokana,207.0,-0.0026767259246345265,0.0396975028648513,0.10932107372403566,0.5545671502485962
fc,7,HGB,Kusum,207.0,0.3157640349541301,0.696140654503527,0.6021905464238777,0.841531508024044
fc,7,HGB,Rasuwagadhi,207.0,0.2763285482358483,0.3803907533282803,0.5901708630821829,0.18976108795881744
fc,7,LSTM,Bahrabise,207.0,0.732217282115565,0.825113144197134,0.862785008921781,0.22974537779286783
fc,7,LSTM,Belsot,207.0,0.6474943136138618,0.826382479960867,0.7054295009476295,0.3759980998865169
fc,7,LSTM,Bhada Bridge,207.0,0.39157284777190626,0.3763972692605263,0.5246012042728452,0.4852957318439188
fc,7,LSTM,Chameliya/Nayalbadi,207.0,0.8652380416302323,0.9402004858482576,0.8887126162786769,0.18831867681425812
fc,7,LSTM,Chatara,207.0,0.41397654594984934,0.4371722032990477,0.5467911717190159,0.43055524552690416
fc,7,LSTM,Chisapani,207.0,0.018288124940679884,0.40959094058183976,0.5336923558480409,0.32459883726434097
fc,7,LSTM,Devghat,207.0,0.5825082993640702,0.7401948988923182,0.7951687173832342,0.1993260458903067
fc,7,LSTM,Khokana,207.0,0.06335191782544725,0.2138562150962754,0.11580889598268773,0.5017658524410795
fc,7,LSTM,Kusum,207.0,0.2609132661403626,0.7081898747641997,0.5860653568583867,0.8246777176365191
fc,7,LSTM,Rasuwagadhi,207.0,0.5904922131824147,0.6758750246461321,0.7915685360716472,0.1372475070677303
fc,7,TFT_lite,Bahrabise,207.0,0.737613825436749,0.8479370424445972,0.864554874457516,0.2142298157348666
fc,7,TFT_lite,Belsot,207.0,0.6741285587756437,0.8700739969276383,0.6846409367904955,0.32526468654388313
fc,7,TFT_lite,Bhada Bridge,207.0,0.6407616674764273,0.6433277206852785,0.674398048090881,0.3670178156706145
fc,7,TFT_lite,Chameliya/Nayalbadi,207.0,0.8493256929683366,0.9187557295588509,0.8768236628643793,0.21950324139408867
fc,7,TFT_lite,Chatara,207.0,0.5341944588738361,0.7360532584098893,0.5746014389167691,0.29484873454086885
fc,7,TFT_lite,Chisapani,207.0,0.23061686527407987,0.5199159188961806,0.5842513876046583,0.29270430249553725
fc,7,TFT_lite,Devghat,207.0,0.667457565078206,0.7999055140347245,0.8195810554669263,0.17492737338357292
fc,7,TFT_lite,Khokana,207.0,0.10263753731717185,0.3051518600943046,0.1298089563034237,0.47173169746260807
fc,7,TFT_lite,Kusum,207.0,-1.0680014110348122,0.6762262712480711,0.20748038945157754,0.8686701241693614
fc,7,TFT_lite,Rasuwagadhi,207.0,0.6400763204054394,0.7272916645316005,0.7245363322160858,0.1258917940722098
fc26,1,B0_persistence,Bahrabise,91.0,0.9402405863635587,0.9683997052690012,0.9677583176154907,0.12089030290348003
fc26,1,B0_persistence,Belsot,91.0,0.9466818066224789,0.9779638821069903,0.9702767880077976,0.13325650362925437
fc26,1,B0_persistence,Bhada Bridge,91.0,0.9144417880752858,0.9589849957940989,0.9136042470804258,0.09632697514003416
fc26,1,B0_persistence,Chameliya/Nayalbadi,91.0,0.9917065642145166,0.993887162811054,0.9841893755972431,0.05427449248543779
fc26,1,B0_persistence,Chatara,91.0,0.867804817837459,0.9372984256328658,0.9335202532539947,0.10645626057363829
fc26,1,B0_persistence,Chisapani,91.0,0.8364432082159444,0.8804898123407467,0.9163559051345892,0.12410604491259303
fc26,1,B0_persistence,Devghat,91.0,0.9723799393954631,0.9771015587440877,0.9847284017994605,0.052902457071796735
fc26,1,B0_persistence,Khokana,91.0,0.1777137600737948,0.59227884854905,0.589686299983716,0.391302655906569
fc26,1,B0_persistence,Kusum,91.0,0.8712821711916803,0.9524420104791274,0.9281979672662783,0.36416592567133665
fc26,1,B0_persistence,Rasuwagadhi,91.0,0.9342956875335455,0.9514097264169582,0.9666086121077724,0.06996946143649663
fc26,1,B1_recession,Bahrabise,91.0,0.9402405863635587,0.9683997052690012,0.9677583176154907,0.12089030290348003
fc26,1,B1_recession,Belsot,91.0,0.9466824579841798,0.9779718637915098,0.9702546867644639,0.13323236807808328
fc26,1,B1_recession,Bhada Bridge,91.0,0.9144413470675719,0.9589827229656198,0.9133987927787015,0.09632964406161165
fc26,1,B1_recession,Chameliya/Nayalbadi,91.0,0.9917065642145166,0.993887162811054,0.9841893755972431,0.05427449248543779
fc26,1,B1_recession,Chatara,91.0,0.8678891776353137,0.9376323399918493,0.9334713130561259,0.10617241820483778
fc26,1,B1_recession,Chisapani,91.0,0.8364432082159444,0.8804898123407467,0.9163559051345892,0.12410604491259303
fc26,1,B1_recession,Devghat,91.0,0.9723799393954631,0.9771015587440877,0.9847284017994605,0.052902457071796735
fc26,1,B1_recession,Khokana,91.0,0.1777137600737948,0.59227884854905,0.589686299983716,0.391302655906569
fc26,1,B1_recession,Kusum,91.0,0.8712821711916803,0.9524420104791274,0.9281979672662783,0.36416592567133665
fc26,1,B1_recession,Rasuwagadhi,91.0,0.9342956875335455,0.9514097264169582,0.9666086121077724,0.06996946143649663
fc26,1,B2_climatology,Bahrabise,91.0,0.7163347633973256,0.8593261895877216,0.8059311974249002,0.2550659725509146
fc26,1,B2_climatology,Belsot,91.0,0.5757663023507642,0.8473342255937335,0.7482305991436561,0.35074518116775494
fc26,1,B2_climatology,Bhada Bridge,91.0,0.21046257854692307,-0.06132527573316571,-0.03476492010980081,0.4900053210900458
fc26,1,B2_climatology,Chameliya/Nayalbadi,91.0,0.27254860298939565,0.7913045309666505,0.3600544249101638,0.3171252822903713
fc26,1,B2_climatology,Chatara,91.0,0.15940825751066845,0.4770719667979767,0.5950961341437677,0.3074347436382663
fc26,1,B2_climatology,Chisapani,91.0,-0.2760546777223776,0.3728675452833047,0.2726745193054274,0.28429558123166043
fc26,1,B2_climatology,Devghat,91.0,0.3893602427389309,0.3612344818583977,0.7221559493004928,0.2794110744958968
fc26,1,B2_climatology,Khokana,91.0,0.2808771109010092,0.47181186498277905,0.2675675667134748,0.44537465115174885
fc26,1,B2_climatology,Kusum,91.0,0.5705117886300249,0.8175142316974712,0.7069915171939253,0.7133490118562218
fc26,1,B2_climatology,Rasuwagadhi,91.0,0.7803372658281115,0.7268908244117029,0.745941543478229,0.16588304720664254
fc26,1,B3_ARX,Bahrabise,91.0,0.9473238820762278,0.9734971940432697,0.965570110710662,0.11071126868686375
fc26,1,B3_ARX,Belsot,91.0,0.9476834661483041,0.9803374588226933,0.9666475740574108,0.125875350565718
fc26,1,B3_ARX,Bhada Bridge,91.0,0.912787824246775,0.9436879496758522,0.9154005326093095,0.11286965893874026
fc26,1,B3_ARX,Chameliya/Nayalbadi,91.0,0.9925550460958134,0.9958092822912599,0.9787491984904448,0.04493849878976461
fc26,1,B3_ARX,Chatara,91.0,0.8944503300082021,0.9438189248638211,0.9425426162754794,0.1007690135325105
fc26,1,B3_ARX,Chisapani,91.0,0.8529619419608141,0.8986862414924909,0.8990028203798726,0.11426801543844194
fc26,1,B3_ARX,Devghat,91.0,0.9748857326351554,0.9813483225433264,0.9705732691088903,0.04774543250045699
fc26,1,B3_ARX,Khokana,91.0,0.5576753133684141,0.7529088459113228,0.6149987228614502,0.30462095373920534
fc26,1,B3_ARX,Kusum,91.0,0.8894483056240919,0.9613157475961741,0.9184254494607424,0.32843895975376053
fc26,1,B3_ARX,Rasuwagadhi,91.0,0.9484862596003167,0.9626107890852348,0.9720216170697152,0.06137719102986464
fc26,1,GRAPH_learned,Bahrabise,91.0,0.9545297445203582,0.9766160780974078,0.9652627304862861,0.10399311212943393
fc26,1,GRAPH_learned,Belsot,91.0,0.9529176644776398,0.982626711913358,0.967308591878077,0.11832101357128323
fc26,1,GRAPH_learned,Bhada Bridge,91.0,0.8923635087247286,0.8516423807637935,0.7842324035895962,0.18320253145866108
fc26,1,GRAPH_learned,Chameliya/Nayalbadi,91.0,0.9889058682422502,0.9931914460655613,0.9732147843436266,0.05727984019827652
fc26,1,GRAPH_learned,Chatara,91.0,0.8878083173089537,0.9407731244781937,0.9125645802223737,0.10346450748765988
fc26,1,GRAPH_learned,Chisapani,91.0,0.793838298642717,0.8537796586842363,0.8303962183902,0.13727592155820129
fc26,1,GRAPH_learned,Devghat,91.0,0.974375317565006,0.9775511772327458,0.968749191950709,0.05238050352210962
fc26,1,GRAPH_learned,Khokana,91.0,0.5092330614354146,0.7011200393058666,0.6511037336373517,0.335026817973173
fc26,1,GRAPH_learned,Kusum,91.0,0.8784456860368703,0.9610808144899309,0.8837365757253606,0.3294347707243424
fc26,1,GRAPH_learned,Rasuwagadhi,91.0,0.9449233466110973,0.9597649307074777,0.9482501373920831,0.06367020317267187
fc26,1,GRAPH_none,Bahrabise,91.0,0.9514270840441427,0.9744342484642818,0.9586032109008811,0.10873645777296574
fc26,1,GRAPH_none,Belsot,91.0,0.9541923245129615,0.9823904378414046,0.9707251543822341,0.1191228703773223
fc26,1,GRAPH_none,Bhada Bridge,91.0,0.897143095758903,0.8513849390851284,0.7513132856088247,0.1833614162013672
fc26,1,GRAPH_none,Chameliya/Nayalbadi,91.0,0.9889786600855462,0.9943382091808158,0.9518384544010149,0.05223375727062129
fc26,1,GRAPH_none,Chatara,91.0,0.8862681243523207,0.9400961206450789,0.92070204981081,0.10405416239837526
fc26,1,GRAPH_none,Chisapani,91.0,0.7330127651634133,0.8197924206238468,0.7571503240540938,0.15239720350924812
fc26,1,GRAPH_none,Devghat,91.0,0.9725950163743817,0.9785523747837033,0.9461589722305674,0.05119911915263602
fc26,1,GRAPH_none,Khokana,91.0,0.46302901503858496,0.6883249597585841,0.6437714048307672,0.34212293248281184
fc26,1,GRAPH_none,Kusum,91.0,0.8780866425780475,0.9615817454384485,0.8764329090540722,0.3273078181235829
fc26,1,GRAPH_none,Rasuwagadhi,91.0,0.9473061152286337,0.9590387441625047,0.9549712613058675,0.06424221263678945
fc26,1,GRAPH_phys,Bahrabise,91.0,0.9538305826556767,0.9749441254303848,0.9681644400186089,0.10764669051290039
fc26,1,GRAPH_phys,Belsot,91.0,0.9527262646573393,0.9819983798998223,0.9755435906526966,0.12044164175408988
fc26,1,GRAPH_phys,Bhada Bridge,91.0,0.8512753152317943,0.7628648562760934,0.6798774416775327,0.23161917135829563
fc26,1,GRAPH_phys,Chameliya/Nayalbadi,91.0,0.9880915203111733,0.9931604072873745,0.9568790866426621,0.057410255159553204
fc26,1,GRAPH_phys,Chatara,91.0,0.8929742182579502,0.9435596308738068,0.9342245993367104,0.10100128666183748
fc26,1,GRAPH_phys,Chisapani,91.0,0.73965358151782,0.8227971045197153,0.7683008338250259,0.1511213686582676
fc26,1,GRAPH_phys,Devghat,91.0,0.9771676978916595,0.980946518296472,0.9640728134454795,0.048256970815966437
fc26,1,GRAPH_phys,Khokana,91.0,0.5187703899805818,0.722723246571172,0.6198913410759752,0.3226917809613711
fc26,1,GRAPH_phys,Kusum,91.0,0.849022112767183,0.9574505891156914,0.8584922383678046,0.34445646463430113
fc26,1,GRAPH_phys,Rasuwagadhi,91.0,0.9492005546701643,0.9591288594198824,0.9536297135844942,0.0641715069053051
fc26,1,HGB,Bahrabise,91.0,0.948349910141392,0.9714517871510652,0.9677293813688621,0.11490405680941579
fc26,1,HGB,Belsot,91.0,0.9488560214173735,0.9811483522694662,0.9683130798917272,0.12325244077670679
fc26,1,HGB,Bhada Bridge,91.0,0.9179258539601474,0.9334666804143033,0.8989050706995423,0.1226863196922389
fc26,1,HGB,Chameliya/Nayalbadi,91.0,0.9893448381802726,0.9945377389816411,0.9680791649982967,0.05130510507446061
fc26,1,HGB,Chatara,91.0,0.8846136519415478,0.9451033874339846,0.9296789028300592,0.09961041684169737
fc26,1,HGB,Chisapani,91.0,0.8189411571624992,0.8955748958607906,0.8714555529657465,0.1160093330041069
fc26,1,HGB,Devghat,91.0,0.978133539625979,0.9835204595510579,0.9865809947426134,0.04487923359085093
fc26,1,HGB,Khokana,91.0,0.623846570075794,0.7905777706209901,0.6412159114713103,0.28044168241655826
fc26,1,HGB,Kusum,91.0,0.8780965515942476,0.9643756087608584,0.9344494632341411,0.31518191482531627
fc26,1,HGB,Rasuwagadhi,91.0,0.9606368522164686,0.9717724614062878,0.9717406366373434,0.05332985021153729
fc26,1,HGB_tuned,Bahrabise,91.0,0.9436535440775281,0.9721973054208547,0.9464939333977891,0.1133938089194486
fc26,1,HGB_tuned,Belsot,91.0,0.9498630493967181,0.9795826746453414,0.9679364197435547,0.12826858245920403
fc26,1,HGB_tuned,Bhada Bridge,91.0,0.9205345617027564,0.9394165199308336,0.9056191961184248,0.11707216530740003
fc26,1,HGB_tuned,Chameliya/Nayalbadi,91.0,0.9891623465215437,0.9949196978144115,0.9688536823966671,0.0494787967316557
fc26,1,HGB_tuned,Chatara,91.0,0.8969216418050554,0.947836944088832,0.9340357523106623,0.09709871826978848
fc26,1,HGB_tuned,Chisapani,91.0,0.7958909000681095,0.8934218730406577,0.8340817497202727,0.11719916380155451
fc26,1,HGB_tuned,Devghat,91.0,0.9758412045621129,0.9805063292355252,0.9805345943095789,0.048811223843692644
fc26,1,HGB_tuned,Khokana,91.0,0.6222921682224147,0.7691891535507235,0.7225917959298614,0.29441455837923003
fc26,1,HGB_tuned,Kusum,91.0,0.8923908014994971,0.9626310892949012,0.9410279373391832,0.3228068805516824
fc26,1,HGB_tuned,Rasuwagadhi,91.0,0.94331190898566,0.9660247223725646,0.9664601239820255,0.05850801526954984
fc26,1,LSTM,Bahrabise,91.0,0.9484363263126951,0.9739948936456527,0.9359119636253986,0.10966681140541187
fc26,1,LSTM,Belsot,91.0,0.9513769853270786,0.982164872675299,0.9730857697875965,0.11988337965420774
fc26,1,LSTM,Bhada Bridge,91.0,0.8874494251441659,0.8446970207572319,0.7549003819008826,0.18744179571931174
fc26,1,LSTM,Chameliya/Nayalbadi,91.0,0.97500544985289,0.9893785521765547,0.9077996716104959,0.07154284667597859
fc26,1,LSTM,Chatara,91.0,0.9052929408412032,0.9506898362034257,0.941186114184256,0.09440613244944862
fc26,1,LSTM,Chisapani,91.0,0.7283414075450044,0.8231277108774504,0.7345818645469491,0.1509803297373206
fc26,1,LSTM,Devghat,91.0,0.9544002123731059,0.9674512168320166,0.9313862163878173,0.06307253143177001
fc26,1,LSTM,Khokana,91.0,0.5052909388432181,0.7212701669167296,0.6559190038145424,0.3235362155238205
fc26,1,LSTM,Kusum,91.0,0.8481304609035822,0.9576781809871189,0.835504754903659,0.3435340005720569
fc26,1,LSTM,Rasuwagadhi,91.0,0.926661383673535,0.9406211510499746,0.9205983220786048,0.07734811712847271
fc26,1,LSTM_tuned,Bahrabise,91.0,0.9490405874250802,0.9737005818418581,0.9363285441865739,0.11028564042511657
fc26,1,LSTM_tuned,Belsot,91.0,0.9513284903081892,0.9830097000008245,0.9742271926775767,0.11700957295514196
fc26,1,LSTM_tuned,Bhada Bridge,91.0,0.9075229710862269,0.8989600348383068,0.8316149849241208,0.1511900242113383
fc26,1,LSTM_tuned,Chameliya/Nayalbadi,91.0,0.97981599054629,0.9913801591697514,0.9219032123287674,0.06445015703294038
fc26,1,LSTM_tuned,Chatara,91.0,0.9046301676886348,0.9506304943855239,0.9388448739910953,0.09446292142169731
fc26,1,LSTM_tuned,Chisapani,91.0,0.730115315334777,0.829158069419395,0.7317393915341809,0.14838421601936388
fc26,1,LSTM_tuned,Devghat,91.0,0.957547476965155,0.9711957141672853,0.9250231813537059,0.05933370106571199
fc26,1,LSTM_tuned,Khokana,91.0,0.5079204338328169,0.7234431564689168,0.641665554803188,0.32227259689778603
fc26,1,LSTM_tuned,Kusum,91.0,0.8563903069686167,0.9580482973855811,0.84699727237785,0.3420285504557945
fc26,1,LSTM_tuned,Rasuwagadhi,91.0,0.9354328946105785,0.9498465763738685,0.9349638873575119,0.07108601211299452
fc26,1,TFT_lite,Bahrabise,91.0,0.9553770664202765,0.9750855433157022,0.9606637801928959,0.10734247625772099
fc26,1,TFT_lite,Belsot,91.0,0.9558216032984517,0.9843665475565863,0.974747094254489,0.11224017085093667
fc26,1,TFT_lite,Bhada Bridge,91.0,0.9105195372246424,0.908072152375824,0.8556634794566923,0.14421156456195713
fc26,1,TFT_lite,Chameliya/Nayalbadi,91.0,0.9875083513612847,0.9934121141820383,0.9542493367431303,0.05634396275385193
fc26,1,TFT_lite,Chatara,91.0,0.911582941183083,0.9512788681342231,0.9439544849658583,0.09384057671212506
fc26,1,TFT_lite,Chisapani,91.0,0.7707892651413589,0.8556255392683555,0.780340450625878,0.13640668627856578
fc26,1,TFT_lite,Devghat,91.0,0.9768204810727634,0.9827267235468743,0.9642537563477026,0.04594732635951383
fc26,1,TFT_lite,Khokana,91.0,0.5581341344619024,0.7446389596807883,0.6147812005537935,0.3096766735375905
fc26,1,TFT_lite,Kusum,91.0,0.7998644281082918,0.9515306450790153,0.8423602703309416,0.36763866804251066
fc26,1,TFT_lite,Rasuwagadhi,91.0,0.9527392399599379,0.9634974452987296,0.9662640363506462,0.06064506824817616
fc26,3,B0_persistence,Bahrabise,89.0,0.862250942044749,0.9139340016586593,0.9230265576256074,0.197037394399069
fc26,3,B0_persistence,Belsot,89.0,0.8633084637566779,0.9247784412143665,0.9232361537966152,0.24379604704417773
fc26,3,B0_persistence,Bhada Bridge,89.0,0.7549584996467659,0.8386095210249306,0.757216728123299,0.19245030581764905
fc26,3,B0_persistence,Chameliya/Nayalbadi,89.0,0.9688351300632231,0.9684602327871965,0.9525201881758234,0.12170646215406358
fc26,3,B0_persistence,Chatara,89.0,0.5935530649720955,0.7953839040246966,0.8003367038710895,0.1881310914087124
fc26,3,B0_persistence,Chisapani,89.0,0.6054873216128598,0.6778394961089014,0.8007480669024167,0.2017715932748874
fc26,3,B0_persistence,Devghat,89.0,0.8624711906717385,0.8762002813874656,0.9291551364706384,0.1226577110461616
fc26,3,B0_persistence,Khokana,89.0,-0.505802057806291,0.12190963978849512,0.2548254072552204,0.5652952195768948
fc26,3,B0_persistence,Kusum,89.0,0.6189506058898209,0.819067938473487,0.7893484887377924,0.7036903106525704
fc26,3,B0_persistence,Rasuwagadhi,89.0,0.838975422730672,0.8703557673659187,0.91820633282736,0.1140752363220907
fc26,3,B1_recession,Bahrabise,89.0,0.862250942044749,0.9139340016586593,0.9230265576256074,0.197037394399069
fc26,3,B1_recession,Belsot,89.0,0.8633116391020366,0.9248188183876446,0.9231662914365827,0.24373060625346982
fc26,3,B1_recession,Bhada Bridge,89.0,0.7549580156498582,0.8386070242619552,0.7566713060482604,0.19245179444616925
fc26,3,B1_recession,Chameliya/Nayalbadi,89.0,0.9688351300632231,0.9684602327871965,0.9525201881758234,0.12170646215406358
fc26,3,B1_recession,Chatara,89.0,0.5940013552173824,0.7973556412466394,0.8006528079943454,0.18722245556113176
fc26,3,B1_recession,Chisapani,89.0,0.6054873216128598,0.6778394961089014,0.8007480669024167,0.2017715932748874
fc26,3,B1_recession,Devghat,89.0,0.8624711906717385,0.8762002813874656,0.9291551364706384,0.1226577110461616
fc26,3,B1_recession,Khokana,89.0,-0.505802057806291,0.12190963978849512,0.2548254072552204,0.5652952195768948
fc26,3,B1_recession,Kusum,89.0,0.6189506058898209,0.819067938473487,0.7893484887377924,0.7036903106525704
fc26,3,B1_recession,Rasuwagadhi,89.0,0.838975422730672,0.8703557673659187,0.91820633282736,0.1140752363220907
fc26,3,B2_climatology,Bahrabise,89.0,0.70584573948971,0.8549525496491073,0.7980761924303401,0.25579255503745885
fc26,3,B2_climatology,Belsot,89.0,0.5627746419580936,0.8417797847167732,0.7432155209312941,0.35357901425916927
fc26,3,B2_climatology,Bhada Bridge,89.0,0.2060417060162436,-0.06898650280134877,-0.03699043092508414,0.49529707266347356
fc26,3,B2_climatology,Chameliya/Nayalbadi,89.0,0.24799008102801512,0.7812884622438894,0.3605536852208464,0.3204942509399054
fc26,3,B2_climatology,Chatara,89.0,0.12322114047694432,0.44639824579774234,0.5786953635111125,0.3094492302265536
fc26,3,B2_climatology,Chisapani,89.0,-0.3226302637871272,0.3461852970824437,0.27543108108219005,0.2874426557792345
fc26,3,B2_climatology,Devghat,89.0,0.38699254150014506,0.3949200567193224,0.7219861485196839,0.27116985313300673
fc26,3,B2_climatology,Khokana,89.0,0.26509901601748986,0.4499339185541452,0.24805847794491398,0.44741767960685286
fc26,3,B2_climatology,Kusum,89.0,0.5594823967994498,0.8111836312899551,0.704091864040213,0.7188588534957444
fc26,3,B2_climatology,Rasuwagadhi,89.0,0.7759302680490547,0.7231774304278273,0.7256744998752467,0.16669229433716337
fc26,3,B3_ARX,Bahrabise,89.0,0.8665439610170784,0.9351530089173561,0.9241070278555091,0.1710321539365922
fc26,3,B3_ARX,Belsot,89.0,0.872653173603525,0.9431418707114119,0.9242263951422398,0.21195895930565076
fc26,3,B3_ARX,Bhada Bridge,89.0,0.794768102748248,0.787230353836206,0.7458913351837092,0.22097059545371028
fc26,3,B3_ARX,Chameliya/Nayalbadi,89.0,0.9670031591111512,0.9821164460202367,0.9082951428474846,0.09164553511859976
fc26,3,B3_ARX,Chatara,89.0,0.6778348500286737,0.8249236483107683,0.8312934661907334,0.17402210670815652
fc26,3,B3_ARX,Chisapani,89.0,0.43985338807527286,0.6735142508403981,0.6111596661771166,0.20312154449056657
fc26,3,B3_ARX,Devghat,89.0,0.8922475516315507,0.9146101843935212,0.9100458034153485,0.10186806693714441
fc26,3,B3_ARX,Khokana,89.0,0.24799026040757555,0.48473830284087716,0.2941248524149488,0.4330316481608113
fc26,3,B3_ARX,Kusum,89.0,0.6233781923371455,0.8753136272052783,0.7551951182094528,0.584161997926742
fc26,3,B3_ARX,Rasuwagadhi,89.0,0.877456459511518,0.9013637073819871,0.9300592247668249,0.0995023061813312
fc26,3,GRAPH_learned,Bahrabise,89.0,0.9177897164344492,0.9534914677906208,0.9339899710027227,0.14484355217884992
fc26,3,GRAPH_learned,Belsot,89.0,0.9041711190386493,0.9574410830789802,0.9263659579218285,0.18337949770886536
fc26,3,GRAPH_learned,Bhada Bridge,89.0,0.4874770882871028,0.25135200612121533,0.31884534017064103,0.4144942240425172
fc26,3,GRAPH_learned,Chameliya/Nayalbadi,89.0,0.9328206205461261,0.9612934872797716,0.8909251988817004,0.13482685967804292
fc26,3,GRAPH_learned,Chatara,89.0,0.6455032365325852,0.8062957874103769,0.7957458079422473,0.18304598632740876
fc26,3,GRAPH_learned,Chisapani,89.0,-0.06529005673220123,0.4056692383811362,0.4692893396606481,0.27405515795599034
fc26,3,GRAPH_learned,Devghat,89.0,0.9205061585652103,0.9213973547085884,0.9124661009616162,0.09773578575082796
fc26,3,GRAPH_learned,Khokana,89.0,0.2647838001857665,0.47231099963382217,0.43178253621402374,0.43822255509863883
fc26,3,GRAPH_learned,Kusum,89.0,0.4727693759603795,0.8713933435968378,0.6383818197034695,0.5932742911563491
fc26,3,GRAPH_learned,Rasuwagadhi,89.0,0.8526140925060356,0.8833916050885793,0.9046336550582723,0.10818814780456892
fc26,3,GRAPH_none,Bahrabise,89.0,0.9048985298769656,0.9419284478663078,0.9252234398966568,0.16185069447569836
fc26,3,GRAPH_none,Belsot,89.0,0.9067310690834308,0.9511867098992317,0.9398628668944876,0.19639233590832433
fc26,3,GRAPH_none,Bhada Bridge,89.0,0.47444574781955484,0.18132342003050117,0.23003943819458084,0.4334468326819377
fc26,3,GRAPH_none,Chameliya/Nayalbadi,89.0,0.9510439603501222,0.9712004625607895,0.8857911073525153,0.11629931397194578
fc26,3,GRAPH_none,Chatara,89.0,0.6149345015066274,0.7896605742621977,0.7902455807402795,0.1907440587803152
fc26,3,GRAPH_none,Chisapani,89.0,-0.6237475183742127,0.1743941845533643,0.2699031983405886,0.3230057454308928
fc26,3,GRAPH_none,Devghat,89.0,0.904584136248137,0.9126122812076305,0.8998551042773696,0.10305290269379297
fc26,3,GRAPH_none,Khokana,89.0,0.1582429408735171,0.4168047193573462,0.36807417915262,0.46069415948403186
fc26,3,GRAPH_none,Kusum,89.0,0.5242710183967415,0.8690931905119961,0.6580360866430266,0.5985561873857258
fc26,3,GRAPH_none,Rasuwagadhi,89.0,0.8740863487249058,0.8868908978207817,0.9022551054062231,0.1065524780840066
fc26,3,GRAPH_phys,Bahrabise,89.0,0.9132253832286156,0.9415763464687715,0.9396307076868715,0.16234062226171553
fc26,3,GRAPH_phys,Belsot,89.0,0.9037382604882057,0.9533455626884231,0.9492173495801305,0.19200032914578588
fc26,3,GRAPH_phys,Bhada Bridge,89.0,0.012578942607241017,-0.24395663337521056,-0.12475196022431967,0.5342964278541329
fc26,3,GRAPH_phys,Chameliya/Nayalbadi,89.0,0.9451776528137701,0.9673784253440563,0.8937302892250222,0.12377611780644496
fc26,3,GRAPH_phys,Chatara,89.0,0.6516809428498036,0.8101528691842833,0.808396816227553,0.18121439633356856
fc26,3,GRAPH_phys,Chisapani,89.0,-0.42843229251336457,0.26069640379370385,0.34020194897546185,0.3056576607376479
fc26,3,GRAPH_phys,Devghat,89.0,0.9294301004191439,0.9303546633973125,0.9324560712099057,0.0919985640352345
fc26,3,GRAPH_phys,Khokana,89.0,0.26970944823559084,0.4882338699700398,0.37808089603985373,0.43156028964315796
fc26,3,GRAPH_phys,Kusum,89.0,0.3013343381691356,0.8565911582111052,0.5526706214803351,0.6264865759987738
fc26,3,GRAPH_phys,Rasuwagadhi,89.0,0.8752380832517356,0.8910528192821254,0.8929522730827736,0.10457377240822223
fc26,3,HGB,Bahrabise,89.0,0.8584130583679288,0.9297070213989143,0.9040104874682205,0.1780692065983886
fc26,3,HGB,Belsot,89.0,0.8831275503610189,0.9455797644423177,0.92948782106668,0.20736511829444482
fc26,3,HGB,Bhada Bridge,89.0,0.5989713939132566,0.5379980793271828,0.4022423789783328,0.32561285394388984
fc26,3,HGB,Chameliya/Nayalbadi,89.0,0.8981180772832085,0.9639266859619543,0.7922764597855396,0.13015996337858995
fc26,3,HGB,Chatara,89.0,0.6001363343266187,0.805746605483071,0.7981406542766245,0.1833052848567222
fc26,3,HGB,Chisapani,89.0,-0.08712520699735027,0.42884440955436587,0.40410946282178883,0.2686588129071475
fc26,3,HGB,Devghat,89.0,0.9038657766958142,0.8993665213587894,0.9346628688571638,0.11058755845379598
fc26,3,HGB,Khokana,89.0,0.2306128911774995,0.4740028914527008,0.3505753178358044,0.43751947228747295
fc26,3,HGB,Kusum,89.0,0.7152149403706297,0.8936555924238797,0.8223832255994433,0.5394871857120604
fc26,3,HGB,Rasuwagadhi,89.0,0.7904088220338044,0.8121583649522518,0.860423094128072,0.13731269984503677
fc26,3,HGB_tuned,Bahrabise,89.0,0.8849800153471546,0.9420928096924563,0.9349220266397659,0.16162148656327346
fc26,3,HGB_tuned,Belsot,89.0,0.8787174277865942,0.9442707495682137,0.9168140699413958,0.20984426089739225
fc26,3,HGB_tuned,Bhada Bridge,89.0,0.8031699591941803,0.7472530367642862,0.6379951876231676,0.24083667540697243
fc26,3,HGB_tuned,Chameliya/Nayalbadi,89.0,0.9231955379604728,0.9719563518290231,0.8207774444668636,0.11476293628026756
fc26,3,HGB_tuned,Chatara,89.0,0.6596060201676334,0.8229897032753781,0.8120668428124201,0.17498061674889948
fc26,3,HGB_tuned,Chisapani,89.0,0.33778113821201916,0.602932811038904,0.6093748052574498,0.22400405290235384
fc26,3,HGB_tuned,Devghat,89.0,0.9003226269383339,0.9065026812138508,0.9345614566159203,0.10659445306021299
fc26,3,HGB_tuned,Khokana,89.0,0.216672227461279,0.5145836739227736,0.33275540586098173,0.4203033945879945
fc26,3,HGB_tuned,Kusum,89.0,0.7706914464066907,0.8899545662554289,0.8724667475329756,0.5487945864107281
fc26,3,HGB_tuned,Rasuwagadhi,89.0,0.8573302371416888,0.8880726358319295,0.908338820415843,0.10599439849794431
fc26,3,LSTM,Bahrabise,89.0,0.8837867817138474,0.9407780873763527,0.8970571092393129,0.16344591277828807
fc26,3,LSTM,Belsot,89.0,0.9123687731743154,0.9604381474107906,0.9406970472057922,0.17680469991699155
fc26,3,LSTM,Bhada Bridge,89.0,0.5646150074660494,0.33389665123577383,0.3501055666247992,0.3909763239789117
fc26,3,LSTM,Chameliya/Nayalbadi,89.0,0.8934903991945657,0.9564107195691423,0.7918422301781202,0.14307845655056087
fc26,3,LSTM,Chatara,89.0,0.6915921975870083,0.8477812009486774,0.8331691284068135,0.16226498847541881
fc26,3,LSTM,Chisapani,89.0,-0.5763269795985837,0.21596472420950008,0.2493339750414454,0.3147687991729847
fc26,3,LSTM,Devghat,89.0,0.8656819406991276,0.8987353558210428,0.8536846433155121,0.11093381494127807
fc26,3,LSTM,Khokana,89.0,0.23909517852682394,0.4905426440970603,0.3650117350155404,0.43058572189377314
fc26,3,LSTM,Kusum,89.0,0.48380623084588725,0.862045940463751,0.6514918082084171,0.6144563657760043
fc26,3,LSTM,Rasuwagadhi,89.0,0.7998756580049227,0.8319192644788103,0.8715671966458427,0.1298894108387728
fc26,3,LSTM_tuned,Bahrabise,89.0,0.8922168192659063,0.9389760665198237,0.9042181208515597,0.1659139676854875
fc26,3,LSTM_tuned,Belsot,89.0,0.9049954092944464,0.9594150525175289,0.9388806170241435,0.1790762492193372
fc26,3,LSTM_tuned,Bhada Bridge,89.0,0.6773832826382622,0.5009151852003949,0.4722363519507693,0.3384284216993963
fc26,3,LSTM_tuned,Chameliya/Nayalbadi,89.0,0.9083130592912254,0.9595244919206658,0.8128351918185956,0.13787342084643303
fc26,3,LSTM_tuned,Chatara,89.0,0.687855608776748,0.8443455534446143,0.8287521784442848,0.16408596800807443
fc26,3,LSTM_tuned,Chisapani,89.0,-0.5572354776478199,0.21408633700847757,0.2558574801780812,0.3151456342418493
fc26,3,LSTM_tuned,Devghat,89.0,0.8636459226057202,0.9031716851547869,0.8272590836390201,0.1084766374887523
fc26,3,LSTM_tuned,Khokana,89.0,0.25891073822944477,0.492720187138194,0.36342816642475473,0.42966452311189296
fc26,3,LSTM_tuned,Kusum,89.0,0.5593728862188102,0.8605591334485005,0.7135081565954762,0.6177586595997534
fc26,3,LSTM_tuned,Rasuwagadhi,89.0,0.8318765395921289,0.8528001036558497,0.8880482331303856,0.12155379686582482
fc26,3,TFT_lite,Bahrabise,89.0,0.9102947569269151,0.9453463061481762,0.9348208845918908,0.15701553022378525
fc26,3,TFT_lite,Belsot,89.0,0.9101073719892969,0.9670689519437851,0.9544233637946268,0.16130887844438865
fc26,3,TFT_lite,Bhada Bridge,89.0,0.751329736477237,0.6499969594234206,0.6416154231248519,0.28341025385324353
fc26,3,TFT_lite,Chameliya/Nayalbadi,89.0,0.9437803891374814,0.9692121671704526,0.8805586242972785,0.12024691872576543
fc26,3,TFT_lite,Chatara,89.0,0.7205525251064181,0.8544999774545534,0.8352353299750642,0.15864347269238235
fc26,3,TFT_lite,Chisapani,89.0,-0.23811765310836086,0.3648054360545635,0.37805736423902236,0.28332001884808694
fc26,3,TFT_lite,Devghat,89.0,0.9082647481603694,0.9231371380479606,0.893495941030717,0.09664809615992956
fc26,3,TFT_lite,Khokana,89.0,0.26760514460196316,0.5023547832988486,0.35856154159425524,0.42556472583818833
fc26,3,TFT_lite,Kusum,89.0,-0.49775642288811195,0.8182468582455269,0.2776211093719064,0.705285197227534
fc26,3,TFT_lite,Rasuwagadhi,89.0,0.8853742320781264,0.9050614631778182,0.9009218189735848,0.09761937977614116
fc26,7,B0_persistence,Bahrabise,85.0,0.6733841316007577,0.770269357736323,0.8252875196432139,0.30990443483997476
fc26,7,B0_persistence,Belsot,85.0,0.7402081914885614,0.8088126319459532,0.8497476108380877,0.3783492932021855
fc26,7,B0_persistence,Bhada Bridge,85.0,0.4516580095137823,0.5771747071727568,0.42931277054087447,0.31601718879046914
fc26,7,B0_persistence,Chameliya/Nayalbadi,85.0,0.8876639411453636,0.8912027129968243,0.8824349742302825,0.21914490897163127
fc26,7,B0_persistence,Chatara,85.0,0.3956794696809329,0.5934354934095888,0.7120226221735868,0.24695430588067
fc26,7,B0_persistence,Chisapani,85.0,0.49697136617678894,0.5625539007580326,0.747566849603722,0.22786182834286128
fc26,7,B0_persistence,Devghat,85.0,0.504324598975286,0.5810079415550733,0.7617844287869029,0.22055585096495542
fc26,7,B0_persistence,Khokana,85.0,-0.5865582275725623,-0.14948071243867633,0.23239265799793118,0.6253519349832668
fc26,7,B0_persistence,Kusum,85.0,0.45231021635838,0.6072649820274687,0.6696090699705501,1.0099942185268838
fc26,7,B0_persistence,Rasuwagadhi,85.0,0.697889918991452,0.7121279361066326,0.850414245720085,0.16788363534231304
fc26,7,B1_recession,Bahrabise,85.0,0.6733841316007577,0.770269357736323,0.8252875196432139,0.30990443483997476
fc26,7,B1_recession,Belsot,85.0,0.7402105798668592,0.8088530102756221,0.8495624105628223,0.3783093378448984
fc26,7,B1_recession,Bhada Bridge,85.0,0.4516097247431339,0.5769290859457814,0.428361719165647,0.316108963409575
fc26,7,B1_recession,Chameliya/Nayalbadi,85.0,0.8876639411453636,0.8912027129968243,0.8824349742302825,0.21914490897163127
fc26,7,B1_recession,Chatara,85.0,0.3949728782711691,0.5896906002348978,0.7116577476492821,0.24808905521625071
fc26,7,B1_recession,Chisapani,85.0,0.49697136617678894,0.5625539007580326,0.747566849603722,0.22786182834286128
fc26,7,B1_recession,Devghat,85.0,0.504324598975286,0.5810079415550733,0.7617844287869029,0.22055585096495542
fc26,7,B1_recession,Khokana,85.0,-0.5865582275725623,-0.14948071243867633,0.23239265799793118,0.6253519349832668
fc26,7,B1_recession,Kusum,85.0,0.45231021635838,0.6072649820274687,0.6696090699705501,1.0099942185268838
fc26,7,B1_recession,Rasuwagadhi,85.0,0.697889918991452,0.7121279361066326,0.850414245720085,0.16788363534231304
fc26,7,B2_climatology,Bahrabise,85.0,0.6785806085657092,0.837164508064681,0.7805341092595788,0.2609112846133926
fc26,7,B2_climatology,Belsot,85.0,0.53159013720979,0.826005623020708,0.7312916568368784,0.36093661109777997
fc26,7,B2_climatology,Bhada Bridge,85.0,0.19640440099761947,-0.08600384564084873,-0.041719971843641845,0.506460882954233
fc26,7,B2_climatology,Chameliya/Nayalbadi,85.0,0.19010519548945115,0.7564486549280052,0.3616793695914726,0.3278820329554312
fc26,7,B2_climatology,Chatara,85.0,0.022416268635448544,0.3344525492899886,0.536045234110273,0.3159667507950944
fc26,7,B2_climatology,Chisapani,85.0,-0.4445531009920769,0.27194584427612634,0.27911166699606915,0.29396196803776475
fc26,7,B2_climatology,Devghat,85.0,0.3562267884151553,0.4062111637358241,0.7113559621406447,0.2625618971557277
fc26,7,B2_climatology,Khokana,85.0,0.23136800337671903,0.4028694929196921,0.20511473044515183,0.4507215089132438
fc26,7,B2_climatology,Kusum,85.0,0.5337068692428848,0.7927238929765063,0.6972259305965026,0.7337425355219043
fc26,7,B2_climatology,Rasuwagadhi,85.0,0.7603183182278737,0.7042902941923742,0.6861558077265617,0.1701536985922209
fc26,7,B3_ARX,Bahrabise,85.0,0.6701686657162595,0.8398471886862049,0.8257964038800973,0.25875312952891394
fc26,7,B3_ARX,Belsot,85.0,0.7304910301917675,0.8592347348209506,0.856068186031433,0.32464676609679816
fc26,7,B3_ARX,Bhada Bridge,85.0,0.6923058256684759,0.5873337529335372,0.6041174174476258,0.31219770084751863
fc26,7,B3_ARX,Chameliya/Nayalbadi,85.0,0.8611279131766421,0.9421333423450986,0.777883751605274,0.1598219967282026
fc26,7,B3_ARX,Chatara,85.0,0.37853018812887895,0.5684766231973956,0.6952504836956033,0.2544216330297304
fc26,7,B3_ARX,Chisapani,85.0,-0.19669777372103936,0.37817198361871696,0.34531862660407053,0.2716717287216519
fc26,7,B3_ARX,Devghat,85.0,0.6181926303195547,0.7078584814266662,0.7718359622410357,0.18416721845442155
fc26,7,B3_ARX,Khokana,85.0,0.21511127913641748,0.4372599199817071,0.22817105343077537,0.43754988874542083
fc26,7,B3_ARX,Kusum,85.0,-0.0037555454273747735,0.770979486955995,0.37096133294582,0.7712696929464254
fc26,7,B3_ARX,Rasuwagadhi,85.0,0.8089380356276155,0.8283187275632071,0.8899230698656632,0.12964926702560964
fc26,7,GRAPH_learned,Bahrabise,85.0,0.8780349218438228,0.9040935606730622,0.908879792631423,0.20023602335498236
fc26,7,GRAPH_learned,Belsot,85.0,0.8382903872556451,0.9042017930726508,0.8950804810793346,0.26781939190738085
fc26,7,GRAPH_learned,Bhada Bridge,85.0,0.2924739812896282,0.030846392452451576,0.26409332205919456,0.47843895578565765
fc26,7,GRAPH_learned,Chameliya/Nayalbadi,85.0,0.7310432747954855,0.8781472214598124,0.7747153790508533,0.23192099781347733
fc26,7,GRAPH_learned,Chatara,85.0,0.5472397788337553,0.7042584096088946,0.7685093466252504,0.21062410602915602
fc26,7,GRAPH_learned,Chisapani,85.0,-1.3349815770505526,-0.038638926650539585,0.07536203816587439,0.3511087082537825
fc26,7,GRAPH_learned,Devghat,85.0,0.777333507156259,0.8125194307259918,0.8458045464852915,0.14753457923538088
fc26,7,GRAPH_learned,Khokana,85.0,0.3345658963839765,0.4103818875841335,0.45630577896996216,0.44787730773913503
fc26,7,GRAPH_learned,Kusum,85.0,-0.04980641815254483,0.6769730465429817,0.43032129272471586,0.9159851958321505
fc26,7,GRAPH_learned,Rasuwagadhi,85.0,0.8699631861340453,0.8778366664012672,0.8944398530550983,0.10936517246489286
fc26,7,GRAPH_none,Bahrabise,85.0,0.8599675873132911,0.8842932648838142,0.8868517081101617,0.2199366712110513
fc26,7,GRAPH_none,Belsot,85.0,0.8208025244142858,0.8686666700701512,0.9041270740280466,0.3135817701574049
fc26,7,GRAPH_none,Bhada Bridge,85.0,-0.4104233169862159,-0.6458069813084755,-0.3011586862664195,0.6234759068810297
fc26,7,GRAPH_none,Chameliya/Nayalbadi,85.0,0.8212174514741565,0.9135778217330421,0.7979121806145469,0.1953147116494115
fc26,7,GRAPH_none,Chatara,85.0,0.44023523074715565,0.6318306321496314,0.7234025199854248,0.2350042404465219
fc26,7,GRAPH_none,Chisapani,85.0,-5.211232345771952,-0.8785728180204411,-0.6999402422981134,0.47219710531084624
fc26,7,GRAPH_none,Devghat,85.0,0.7414349795091058,0.7857383596375835,0.8369946109782666,0.15772041218790295
fc26,7,GRAPH_none,Khokana,85.0,0.21828392767788096,0.30633600466075195,0.355409062641582,0.4857896160929851
fc26,7,GRAPH_none,Kusum,85.0,-0.09328757406971389,0.6781727907853147,0.36352646805091116,0.9142825975747666
fc26,7,GRAPH_none,Rasuwagadhi,85.0,0.8506723972318551,0.8405455580113077,0.8469766888451997,0.12494731142675719
fc26,7,GRAPH_phys,Bahrabise,85.0,0.8752567769570385,0.8869717496165648,0.9048333463749129,0.21737611890532146
fc26,7,GRAPH_phys,Belsot,85.0,0.8339464501353089,0.8857605576361527,0.909318497332039,0.2924632937103807
fc26,7,GRAPH_phys,Bhada Bridge,85.0,-0.6148325886257864,-0.8106566169687617,-0.4306435792646588,0.653955615701847
fc26,7,GRAPH_phys,Chameliya/Nayalbadi,85.0,0.7837286922529535,0.8959420725702446,0.8026004299587661,0.21431863686164976
fc26,7,GRAPH_phys,Chatara,85.0,0.5180681918274355,0.6777346628469743,0.7471618625287199,0.2198663012995953
fc26,7,GRAPH_phys,Chisapani,85.0,-3.229765012227876,-0.45042127661802267,-0.32142947409110945,0.41491237142073
fc26,7,GRAPH_phys,Devghat,85.0,0.7909437218416373,0.8118265539947899,0.8875308623081603,0.14780695147167336
fc26,7,GRAPH_phys,Khokana,85.0,0.2950976920546039,0.3837034373797955,0.35655589651098263,0.457897764868829
fc26,7,GRAPH_phys,Kusum,85.0,-0.201467544750914,0.6621594114725522,0.34009604592078513,0.9367527708668802
fc26,7,GRAPH_phys,Rasuwagadhi,85.0,0.8550769348609116,0.8512350500525012,0.8355261280969978,0.12068656173679498
fc26,7,HGB,Bahrabise,85.0,0.7501754206021753,0.8461446965958492,0.8030740813374454,0.2536147822379541
fc26,7,HGB,Belsot,85.0,0.7802870817466823,0.8536712437749175,0.8857674463596666,0.33100013452071925
fc26,7,HGB,Bhada Bridge,85.0,0.1309155788882551,0.02996867102599121,-0.12331276388307888,0.47865555852803493
fc26,7,HGB,Chameliya/Nayalbadi,85.0,0.8170732813175593,0.9085150548219906,0.7284339862139809,0.20095423772903195
fc26,7,HGB,Chatara,85.0,0.3790771456338097,0.5718214745019959,0.6716675133235337,0.25343367028478536
fc26,7,HGB,Chisapani,85.0,-1.189514153597092,-0.14553083271304668,0.1344821247208806,0.36873358445481785
fc26,7,HGB,Devghat,85.0,0.6172859404271027,0.6321293940893442,0.8074105971679679,0.20666323886142826
fc26,7,HGB,Khokana,85.0,0.2657923916273536,0.2704494089011281,0.34392764327454894,0.49819728974055577
fc26,7,HGB,Kusum,85.0,0.41976314814052984,0.7409907969019962,0.6754799450622357,0.8202130452169492
fc26,7,HGB,Rasuwagadhi,85.0,0.6220268564066156,0.5838423165236879,0.6636271511351679,0.20185409427562248
fc26,7,HGB_tuned,Bahrabise,85.0,0.8108893159012338,0.8946168583255563,0.8723422617646426,0.20989587256191297
fc26,7,HGB_tuned,Belsot,85.0,0.7891122066050872,0.8867531549719601,0.8425385309678266,0.29118995248509694
fc26,7,HGB_tuned,Bhada Bridge,85.0,0.5608622779659969,0.35683826919653083,0.23983328094438272,0.38975376923373206
fc26,7,HGB_tuned,Chameliya/Nayalbadi,85.0,0.8877823345038405,0.9342552053854554,0.8402814992968515,0.17035427613458062
fc26,7,HGB_tuned,Chatara,85.0,0.5654885745864962,0.7233685288695055,0.7624677507025244,0.20370545788307934
fc26,7,HGB_tuned,Chisapani,85.0,0.02971555253355751,0.36938207748091834,0.5039135143523776,0.2735851108927391
fc26,7,HGB_tuned,Devghat,85.0,0.6416841519056102,0.6630134078744798,0.7791143752319859,0.19779804667523346
fc26,7,HGB_tuned,Khokana,85.0,0.18300156170625714,0.3967758199012622,0.27849513285383043,0.4530154613307987
fc26,7,HGB_tuned,Kusum,85.0,0.7326432715491182,0.8124193721338924,0.8161274922090208,0.6980122862982499
fc26,7,HGB_tuned,Rasuwagadhi,85.0,0.7915282217674726,0.7705271997735661,0.7560192995813434,0.14989053569987254
fc26,7,LSTM,Bahrabise,85.0,0.8342652682643855,0.899109003082639,0.9007125248460957,0.20537356156375283
fc26,7,LSTM,Belsot,85.0,0.8306679219214301,0.8859974355391429,0.8982702860615017,0.2921599219503304
fc26,7,LSTM,Bhada Bridge,85.0,-0.2064069141658249,-0.43673326686978675,-0.19260002599040194,0.5825300042279276
fc26,7,LSTM,Chameliya/Nayalbadi,85.0,0.7059744905874293,0.8788813407591819,0.688732324244897,0.23122132197012546
fc26,7,LSTM,Chatara,85.0,0.5032280576895296,0.6814098376332419,0.7529857461758673,0.2186090080002108
fc26,7,LSTM,Chisapani,85.0,-3.59478911598048,-0.640265834069667,-0.4400670664670323,0.4412314118041842
fc26,7,LSTM,Devghat,85.0,0.7251971224197432,0.7943003062675834,0.8055343695205001,0.1545370128353843
fc26,7,LSTM,Khokana,85.0,0.3199241607707808,0.4677926266706127,0.3389656591077742,0.42551423600435756
fc26,7,LSTM,Kusum,85.0,0.30217013451320596,0.7234508462576461,0.6197811657747319,0.84753031412292
fc26,7,LSTM,Rasuwagadhi,85.0,0.8335178230970459,0.830675938446912,0.8624331122398334,0.12875613844222183
fc26,7,LSTM_tuned,Bahrabise,85.0,0.8441282005263483,0.8954460879107813,0.8930562621545847,0.20906843662826155
fc26,7,LSTM_tuned,Belsot,85.0,0.8246948644062806,0.8824279488337514,0.8893036792860636,0.2966985179250939
fc26,7,LSTM_tuned,Bhada Bridge,85.0,0.13318307023445997,-0.15893599092702582,-0.019791011284675086,0.5231906217012593
fc26,7,LSTM_tuned,Chameliya/Nayalbadi,85.0,0.7257546887889822,0.8827231722439028,0.7052724763412022,0.22752465138985967
fc26,7,LSTM_tuned,Chatara,85.0,0.4514390364422386,0.646191773751262,0.7285947051397006,0.23037525876383144
fc26,7,LSTM_tuned,Chisapani,85.0,-4.053916799608039,-0.8396581771486364,-0.4935997868426394,0.4672807292469671
fc26,7,LSTM_tuned,Devghat,85.0,0.656591456911499,0.7670861423567508,0.7385186987796393,0.16444222896279828
fc26,7,LSTM_tuned,Khokana,85.0,0.31615160002074394,0.4490153550873687,0.3372249513464175,0.4329556373856692
fc26,7,LSTM_tuned,Kusum,85.0,0.3006989226472583,0.7002849708503125,0.6278652586524133,0.8823143333102438
fc26,7,LSTM_tuned,Rasuwagadhi,85.0,0.8465995902946645,0.8315435473719976,0.8422431999598526,0.12842584444598976
fc26,7,TFT_lite,Bahrabise,85.0,0.8598846285844688,0.8941012148061664,0.9002924417036362,0.21040876005175588
fc26,7,TFT_lite,Belsot,85.0,0.8252142128169982,0.9054831679246218,0.903320717912743,0.26602221663354036
fc26,7,TFT_lite,Bhada Bridge,85.0,0.4028441241525723,0.1673559069348981,0.3404789160648216,0.44346559113903355
fc26,7,TFT_lite,Chameliya/Nayalbadi,85.0,0.7613189594269075,0.8908340446341885,0.7653882522154134,0.2195158898367117
fc26,7,TFT_lite,Chatara,85.0,0.5184375746768068,0.6817914988880185,0.7407355205088242,0.21847802531280186
fc26,7,TFT_lite,Chisapani,85.0,-1.8585381621460808,-0.1542350829551029,-0.060761726398298466,0.37013183359307494
fc26,7,TFT_lite,Devghat,85.0,0.764028259850747,0.7971816992210105,0.8687450431459047,0.15345083662214534
fc26,7,TFT_lite,Khokana,85.0,0.3279510582802092,0.4746892942884505,0.3381023746736824,0.4227482093713889
fc26,7,TFT_lite,Kusum,85.0,-3.448584859921586,0.5219847624626346,-0.4721499077437843,1.1142687332757095
fc26,7,TFT_lite,Rasuwagadhi,85.0,0.8518788054534874,0.8640254598738117,0.8037612881530612,0.1153818249829172
lolo,1,B0_persistence,Bahrabise,364.0,0.9545872711910441,0.9888903345156743,0.9772794510543488,0.08566427468178885
lolo,1,B0_persistence,Belsot,364.0,0.9557857014289909,0.9908794819092791,0.9766827169735358,0.08738020395001452
lolo,1,B0_persistence,Bhada Bridge,364.0,0.9517163084080158,0.9797150523247223,0.972476377671761,0.05806744114141896
lolo,1,B0_persistence,Chameliya/Nayalbadi,364.0,0.9969431445102007,0.9981746135366105,0.9926640450990888,0.031100870084779797
lolo,1,B0_persistence,Chatara,364.0,0.525882652747865,0.9388006689729418,0.7636744514703873,0.15225400453814644
lolo,1,B0_persistence,Chisapani,364.0,0.9533541196578331,0.968974723673564,0.9756345631511362,0.06830652051150309
lolo,1,B0_persistence,Devghat,364.0,0.9763117712012571,0.991361406021183,0.9881336774071269,0.0527686818167055
lolo,1,B0_persistence,Khokana,364.0,0.1408237166424101,0.7979294130540194,0.5703979630853924,0.31831243092250505
lolo,1,B0_persistence,Kusum,364.0,0.9355552934204874,0.9782312396314949,0.9656266557787095,0.21477384623914125
lolo,1,B0_persistence,Rasuwagadhi,364.0,0.9490059260479035,0.9836036944251567,0.9744776474543826,0.06764602344684625
lolo,1,HGB,Bahrabise,364.0,0.9675944556331331,0.9905526743252265,0.9814620380055745,0.07899574410951757
lolo,1,HGB,Belsot,364.0,0.9715820473933456,0.9935660762906798,0.9839637152005665,0.07339073767222447
lolo,1,HGB,Bhada Bridge,364.0,0.9374674999500787,0.943423143799941,0.9097910485630984,0.09697619684306279
lolo,1,HGB,Chameliya/Nayalbadi,364.0,0.9868565161967725,0.9954168797293409,0.9673896066548557,0.04928057351724787
lolo,1,HGB,Chatara,364.0,0.757985212072768,0.9684391882982397,0.8126830922479871,0.10933758288912633
lolo,1,HGB,Chisapani,364.0,0.9418463211984247,0.9631780397420802,0.9160446227886602,0.07441453744837954
lolo,1,HGB,Devghat,364.0,0.9798990288789946,0.9852277374064319,0.976514007687016,0.06900462878140927
lolo,1,HGB,Khokana,364.0,0.5487669733416273,0.8582175704548243,0.6563677307979026,0.266632604426418
lolo,1,HGB,Kusum,364.0,0.9405904710807996,0.9799962188663642,0.9569645824930139,0.2058830495665554
lolo,1,HGB,Rasuwagadhi,364.0,0.9335026521561611,0.9743098066310074,0.8927063749573019,0.08467456156688205
lolo,1,LSTM,Bahrabise,364.0,0.9626085912995835,0.991105560605461,0.9754866118637054,0.07664936145410838
lolo,1,LSTM,Belsot,364.0,0.9552933748661736,0.9916282311958401,0.9141148608759339,0.08371666375895975
lolo,1,LSTM,Bhada Bridge,364.0,0.9254425268556645,0.9171202116601526,0.8822848719094589,0.11737350111982715
lolo,1,LSTM,Chameliya/Nayalbadi,364.0,0.9885527476403959,0.9959594859034357,0.9828949044669872,0.046271485192356014
lolo,1,LSTM,Chatara,364.0,0.6144583348907644,0.9497359135139973,0.7757053296297103,0.13798258703407285
lolo,1,LSTM,Chisapani,364.0,0.9571166516895532,0.9712479954527377,0.9477348552098293,0.06575645597825326
lolo,1,LSTM,Devghat,364.0,0.9613649566180409,0.9846508774814411,0.9639482157068217,0.07033904873405288
lolo,1,LSTM,Khokana,364.0,0.21513983828673067,0.8168244799205041,0.6006790966203726,0.3030649864276833
lolo,1,LSTM,Kusum,364.0,0.9472463646442489,0.9815480501589806,0.9616776501782923,0.1977359697586553
lolo,1,LSTM,Rasuwagadhi,364.0,0.9719641688224873,0.9883511359154302,0.9834351180188164,0.057017879113268465
lolo,3,B0_persistence,Bahrabise,362.0,0.9140697875081801,0.9729170599218983,0.9569627167201025,0.13325448823330377
lolo,3,B0_persistence,Belsot,362.0,0.861288676293242,0.9683947415155336,0.9285189898574001,0.16180466177367722
lolo,3,B0_persistence,Bhada Bridge,362.0,0.8305280334012145,0.9114725734980288,0.9072581303717205,0.12022162469501423
lolo,3,B0_persistence,Chameliya/Nayalbadi,362.0,0.9854955128532394,0.9900196667938027,0.9726323368436945,0.07202714314213551
lolo,3,B0_persistence,Chatara,362.0,0.2681168436391843,0.8630625227792299,0.6368086834602158,0.22689617920338856
lolo,3,B0_persistence,Chisapani,362.0,0.8719064244687794,0.9133767410926763,0.9326623730766644,0.11271564437320303
lolo,3,B0_persistence,Devghat,362.0,0.9063119211266548,0.9586857492459132,0.9531526819433538,0.11520148273897905
lolo,3,B0_persistence,Khokana,362.0,-0.2235289239537388,0.5680175056462189,0.38653430753088336,0.4646942824260594
lolo,3,B0_persistence,Kusum,362.0,0.7928673112694156,0.9241311318936258,0.8898171803828461,0.399468552428483
lolo,3,B0_persistence,Rasuwagadhi,362.0,0.8764830347257702,0.9525455298455683,0.9382660787131021,0.1146546648133737
lolo,3,HGB,Bahrabise,362.0,0.8631608588312341,0.9661478222665734,0.9114506807654025,0.14897975216625012
lolo,3,HGB,Belsot,362.0,0.8877365840904886,0.958095278053511,0.9345720964457899,0.18631286248603274
lolo,3,HGB,Bhada Bridge,362.0,0.6915523941814474,0.6861897711664797,0.6418160850614723,0.22634829156477568
lolo,3,HGB,Chameliya/Nayalbadi,362.0,0.8876031854412497,0.9576720161622266,0.8995300227636592,0.14833289068731723
lolo,3,HGB,Chatara,362.0,0.5395924807910704,0.8924535982854107,0.6578514953941592,0.2010777252633653
lolo,3,HGB,Chisapani,362.0,0.7232162471422514,0.8628862855941767,0.7460968151687284,0.1418101730148782
lolo,3,HGB,Devghat,362.0,0.927047559184999,0.9465093811022295,0.9234755571895054,0.1310831712886979
lolo,3,HGB,Khokana,362.0,0.30877272879974993,0.6715270712201922,0.45945762176330884,0.40521363126661525
lolo,3,HGB,Kusum,362.0,0.8246776768264052,0.9377111334281505,0.9118340571294883,0.36195618954557435
lolo,3,HGB,Rasuwagadhi,362.0,0.8222475591231388,0.9258269991666965,0.8491789523896301,0.14334286798680437
lolo,3,LSTM,Bahrabise,362.0,0.9299763956665814,0.9807492335119236,0.9327646028827955,0.11234608797314066
lolo,3,LSTM,Belsot,362.0,0.86052770932868,0.9727090373401149,0.8086194616976818,0.15035600721137699
lolo,3,LSTM,Bhada Bridge,362.0,0.5759477650106515,0.5352366443395495,0.6724641533531057,0.2754606781483396
lolo,3,LSTM,Chameliya/Nayalbadi,362.0,0.9622683847715172,0.9877592429239638,0.9621232591758158,0.07976783566156574
lolo,3,LSTM,Chatara,362.0,0.53033203603854,0.8947883454212505,0.6603339483358952,0.19888313017305753
lolo,3,LSTM,Chisapani,362.0,0.8422481393081729,0.9079621133010186,0.8817452247635682,0.11618505234855063
lolo,3,LSTM,Devghat,362.0,0.8661973086453589,0.9379262473483335,0.9312915038501384,0.14120891924693563
lolo,3,LSTM,Khokana,362.0,0.0379586601641857,0.6276639054126074,0.4582757467218802,0.4314215389556177
lolo,3,LSTM,Kusum,362.0,0.8374093596912456,0.9403770249149497,0.9107002508559936,0.354125837614708
lolo,3,LSTM,Rasuwagadhi,362.0,0.9236164620478955,0.9554025512912424,0.927566476049622,0.11114966858631212
lolo,7,B0_persistence,Bahrabise,358.0,0.8437990416148908,0.937762917962114,0.9218644726638144,0.2003781983708934
lolo,7,B0_persistence,Belsot,358.0,0.7348259326450768,0.9253273606393887,0.8656744796866795,0.24658518205980035
lolo,7,B0_persistence,Bhada Bridge,358.0,0.5571490763670497,0.7457796743269339,0.7574491360895576,0.19874257198442102
lolo,7,B0_persistence,Chameliya/Nayalbadi,358.0,0.9419680789708895,0.9634427854713398,0.9200896571460586,0.13480151731978426
lolo,7,B0_persistence,Chatara,358.0,0.15916727883598025,0.7976642436357818,0.585098680382875,0.27437029514936284
lolo,7,B0_persistence,Chisapani,358.0,0.7693765963582988,0.8569869952792089,0.8767847893330367,0.1414197083966099
lolo,7,B0_persistence,Devghat,358.0,0.7779610760014051,0.8811951245509094,0.8894461643362936,0.19459358951421873
lolo,7,B0_persistence,Khokana,358.0,-0.4086957860046303,0.31363712218666506,0.2917423406844524,0.5847391440243772
lolo,7,B0_persistence,Kusum,358.0,0.6371974959577036,0.83688177687444,0.7952945526618206,0.5822895057442838
lolo,7,B0_persistence,Rasuwagadhi,358.0,0.8104777252157137,0.9068197292522872,0.9038207361770787,0.15990283039992495
lolo,7,HGB,Bahrabise,358.0,0.841077126330459,0.9420931442707422,0.9137215140994756,0.19328174953634628
lolo,7,HGB,Belsot,358.0,0.8088687180101995,0.9265729262870366,0.8481201823276263,0.24451997034573206
lolo,7,HGB,Bhada Bridge,358.0,-0.25851260414169963,0.10229264419269601,0.16426100672968058,0.37346779916215317
lolo,7,HGB,Chameliya/Nayalbadi,358.0,0.8099628356176822,0.917534370203283,0.8795121288838751,0.20246255911256095
lolo,7,HGB,Chatara,358.0,0.5265053988796455,0.8391131620994271,0.6273559126888283,0.2446589062499735
lolo,7,HGB,Chisapani,358.0,0.5154037473140354,0.7537778650100451,0.6410539455167963,0.18556057863881734
lolo,7,HGB,Devghat,358.0,0.7844157242273645,0.8156963262162218,0.8303618802343212,0.24236973816218405
lolo,7,HGB,Khokana,358.0,0.07496342635778663,0.4467277095491904,0.47693685306423617,0.5249944767533038
lolo,7,HGB,Kusum,358.0,0.7378805772019188,0.8806952514368546,0.8670898268294894,0.49798537342184246
lolo,7,HGB,Rasuwagadhi,358.0,0.7427578049155659,0.8633460445764752,0.8695049860107628,0.19364454642343362
lolo,7,LSTM,Bahrabise,358.0,0.9034251247370169,0.9667325403808792,0.9210699180156848,0.146499342459369
lolo,7,LSTM,Belsot,358.0,0.7650321670549896,0.9386506022632948,0.7353002475054694,0.2235071268394151
lolo,7,LSTM,Bhada Bridge,358.0,-0.4508071243070535,-0.16095286096026684,0.20802885780079394,0.42471056308119376
lolo,7,LSTM,Chameliya/Nayalbadi,358.0,0.9428486686620475,0.9761045273531994,0.9534978072013799,0.1089848283071342
lolo,7,LSTM,Chatara,358.0,0.482582374071701,0.8447537765284742,0.6308686439555786,0.24033182993061147
lolo,7,LSTM,Chisapani,358.0,0.7437229134435395,0.8415440259746771,0.8580648330437104,0.14885947406093283
lolo,7,LSTM,Devghat,358.0,0.8363639817392408,0.8966026272639857,0.9173597441762786,0.18153741617884891
lolo,7,LSTM,Khokana,358.0,0.014906628616940365,0.44976049518986005,0.41436396202844605,0.523553609112705
lolo,7,LSTM,Kusum,358.0,0.7352141308195566,0.8726054461413753,0.8099776528804898,0.5145921461404545
lolo,7,LSTM,Rasuwagadhi,358.0,0.8592537472392444,0.8792506258726458,0.8287928262718827,0.18202733520265324
lomo,1,B0_persistence,Bahrabise,457.0,0.8527863151484654,0.9545630138817535,0.9261857233597756,0.14817722344408135
lomo,1,B0_persistence,Belsot,457.0,0.9532713663168808,0.9847641101636406,0.9746021056689922,0.12162818761161716
lomo,1,B0_persistence,Bhada Bridge,457.0,0.5864225795782685,0.9112207939471072,0.7925257985904777,0.1973952203148772
lomo,1,B0_persistence,Chameliya/Nayalbadi,457.0,0.9869371759735407,0.9936399665875972,0.9876670693377088,0.06714163209522259
lomo,1,B0_persistence,Chatara,457.0,0.6219125066431509,0.8913680829099534,0.8114499967514662,0.20691348648825625
lomo,1,B0_persistence,Chisapani,457.0,0.689067615989733,0.9122611159547946,0.8450943407909787,0.14708966681438013
lomo,1,B0_persistence,Devghat,457.0,0.9415583359837015,0.9817333533141285,0.9527677389957856,0.07512011168705167
lomo,1,B0_persistence,Khokana,457.0,0.2047559453866965,0.5699800936682726,0.6031412970371683,0.4321635787731579
lomo,1,B0_persistence,Kusum,457.0,0.591287562378831,0.9592151130624369,0.7956493872008685,0.3900705818523884
lomo,1,B0_persistence,Rasuwagadhi,457.0,0.8760514824237545,0.9298157635509022,0.9379654232925785,0.07444867968219979
lomo,1,B1_recession,Bahrabise,457.0,0.8528079118869512,0.9545734328971879,0.9261826820135886,0.1481602334385304
lomo,1,B1_recession,Belsot,457.0,0.953285701950358,0.9847833120608257,0.9745663318069225,0.12155151902508758
lomo,1,B1_recession,Bhada Bridge,457.0,0.586441464488113,0.9112746483644334,0.7925298605233673,0.1973353402050263
lomo,1,B1_recession,Chameliya/Nayalbadi,457.0,0.9869451721040218,0.9936540864477864,0.9875368085331246,0.06706706037836299
lomo,1,B1_recession,Chatara,457.0,0.6219342743689613,0.8914148055543356,0.8114539411744107,0.2068689849032998
lomo,1,B1_recession,Chisapani,457.0,0.6890928461671142,0.9122844824916628,0.8451353268520444,0.14707007911946302
lomo,1,B1_recession,Devghat,457.0,0.9415583359837015,0.9817333533141285,0.9527677389957856,0.07512011168705167
lomo,1,B1_recession,Khokana,457.0,0.20475676180682034,0.5699959129339089,0.6031451241509593,0.4321556296372859
lomo,1,B1_recession,Kusum,457.0,0.5913014275386567,0.9592439072079961,0.7956549853688518,0.3899328625516794
lomo,1,B1_recession,Rasuwagadhi,457.0,0.8760259696700875,0.9297808399062734,0.9379198901277784,0.07446720019337286
lomo,1,B2_climatology,Bahrabise,457.0,0.5880891389989804,0.7811912402600081,0.7435812458603654,0.3251689335608477
lomo,1,B2_climatology,Belsot,457.0,0.3962036575008867,0.7269385682434744,0.5858938302106402,0.5149090262195134
lomo,1,B2_climatology,Bhada Bridge,457.0,0.28640450000239037,0.5996330482334955,0.29645032914082325,0.4191892288965469
lomo,1,B2_climatology,Chameliya/Nayalbadi,457.0,0.5997217967962128,0.8012258309857635,0.7809991484738885,0.37535496826487197
lomo,1,B2_climatology,Chatara,457.0,0.14485644688896793,0.4456431990487708,0.28563845103448493,0.46741728303241914
lomo,1,B2_climatology,Chisapani,457.0,0.29303759355048276,0.6119521159394348,0.42258585987536157,0.3093347930527552
lomo,1,B2_climatology,Devghat,457.0,0.22774049710985456,0.49930943484672263,0.44100579228831494,0.3932887417294513
lomo,1,B2_climatology,Khokana,457.0,0.026817591480264746,0.2769475404643219,-0.04683399021923229,0.5603879486185289
lomo,1,B2_climatology,Kusum,457.0,-0.0289286732322922,0.6401095631604593,0.30087708687110637,1.1587205787724797
lomo,1,B2_climatology,Rasuwagadhi,457.0,0.48369087714029435,0.592315737585974,0.6403094903096532,0.17943170497818292
lomo,1,B3_ARX,Bahrabise,457.0,0.8795711719059585,0.961588497543942,0.9395876234206587,0.13624084916922166
lomo,1,B3_ARX,Belsot,457.0,0.9553345995477958,0.9867637411563459,0.976256684371703,0.11336603286236585
lomo,1,B3_ARX,Bhada Bridge,457.0,0.5729454242908383,0.9131915060208851,0.7837257731227233,0.19519204540438595
lomo,1,B3_ARX,Chameliya/Nayalbadi,457.0,0.9882664201872113,0.9950612839826941,0.9798005746688105,0.059165593118524804
lomo,1,B3_ARX,Chatara,457.0,0.6914458450242367,0.9055091147887941,0.8153800386564363,0.19297677110129946
lomo,1,B3_ARX,Chisapani,457.0,0.7597660018483152,0.9252254368971607,0.8291736473703211,0.1357885194742745
lomo,1,B3_ARX,Devghat,457.0,0.9479638041600336,0.9840954600309982,0.9654710451701624,0.07009505268992273
lomo,1,B3_ARX,Khokana,457.0,0.4651488827248933,0.7202432245133634,0.4887869189679702,0.3485733577619933
lomo,1,B3_ARX,Kusum,457.0,0.6425190309610687,0.965728020797944,0.8229625905271656,0.3575717167359815
lomo,1,B3_ARX,Rasuwagadhi,457.0,0.899138279161739,0.9413126884875794,0.9464210715441822,0.06807839647196184
lomo,1,HGB,Bahrabise,457.0,0.9151936168746465,0.9693417887373017,0.9569949115795808,0.12171668081384263
lomo,1,HGB,Belsot,457.0,0.943036005449247,0.9853148785771869,0.9401485065523092,0.11940955897686611
lomo,1,HGB,Bhada Bridge,457.0,0.694701859535338,0.9412016146358496,0.7688669598793626,0.16064370217134824
lomo,1,HGB,Chameliya/Nayalbadi,457.0,0.9813203731130904,0.9934266743855632,0.9877127894790367,0.06825819006223346
lomo,1,HGB,Chatara,457.0,0.7480195520843871,0.9147086845081059,0.8020111539559707,0.1833422189030203
lomo,1,HGB,Chisapani,457.0,0.8453286210836787,0.9457436133315934,0.8780475128837656,0.11566755215967017
lomo,1,HGB,Devghat,457.0,0.9479611457287485,0.9850149720905612,0.912851408809523,0.06803863445494102
lomo,1,HGB,Khokana,457.0,0.493165162527862,0.7415704278048774,0.6444887524112364,0.3350232809738143
lomo,1,HGB,Kusum,457.0,0.6942731103276594,0.9701003532488216,0.7660140082574883,0.33398471803858726
lomo,1,HGB,Rasuwagadhi,457.0,0.9288152440748259,0.9548737389219933,0.9481438547771232,0.05969691470466538
lomo,3,B0_persistence,Bahrabise,455.0,0.6285959991070733,0.8651324993546793,0.8172611172892026,0.24710764799499746
lomo,3,B0_persistence,Belsot,455.0,0.848898322134759,0.935455727210578,0.9203128292978442,0.24634066541361824
lomo,3,B0_persistence,Bhada Bridge,455.0,0.09932929511689248,0.7574726063961736,0.547854919373526,0.3256320269146302
lomo,3,B0_persistence,Chameliya/Nayalbadi,455.0,0.9394372589659042,0.9625603148185619,0.9570999523717041,0.159524178967226
lomo,3,B0_persistence,Chatara,455.0,0.18375581159907972,0.7230643275959582,0.5965405490799249,0.3244034958308259
lomo,3,B0_persistence,Chisapani,455.0,0.13548394554118126,0.6755129122918393,0.5743547409366058,0.27746950766857925
lomo,3,B0_persistence,Devghat,455.0,0.7255888282780143,0.9030757714679977,0.8375790171074196,0.17182877250834602
lomo,3,B0_persistence,Khokana,455.0,-0.7714567739682088,-0.10249982463687801,0.11988075896490924,0.6773666498049976
lomo,3,B0_persistence,Kusum,455.0,-0.10354848917147641,0.8332876025956097,0.4517524319548075,0.776538432859599
lomo,3,B0_persistence,Rasuwagadhi,455.0,0.5821604245985048,0.73616876001622,0.7955993848474516,0.14007988407696834
lomo,3,B1_recession,Bahrabise,455.0,0.6286551483352798,0.8651553083872983,0.8172789521395236,0.24708675146803058
lomo,3,B1_recession,Belsot,455.0,0.8490390962723932,0.9355642254205511,0.9202736067644858,0.24613353035962418
lomo,3,B1_recession,Bhada Bridge,455.0,0.09944374171551551,0.7578252273454318,0.5480071862984419,0.3253952156410085
lomo,3,B1_recession,Chameliya/Nayalbadi,455.0,0.9395038864118771,0.9626665370738601,0.9567931915102197,0.15929772067864173
lomo,3,B1_recession,Chatara,455.0,0.183876992165402,0.7233238186958963,0.596742914181313,0.3242514757826803
lomo,3,B1_recession,Chisapani,455.0,0.13532792337053023,0.6753018301606496,0.5747354725305622,0.2775597413564913
lomo,3,B1_recession,Devghat,455.0,0.7255888282780143,0.9030757714679977,0.8375790171074196,0.17182877250834602
lomo,3,B1_recession,Khokana,455.0,-0.7714607161173106,-0.10255701328156341,0.11990170629878516,0.6773842176891173
lomo,3,B1_recession,Kusum,455.0,-0.10344655660208524,0.8335354687443212,0.45181999631661907,0.7759609437517104
lomo,3,B1_recession,Rasuwagadhi,455.0,0.5803927280152594,0.7342205124483094,0.7949139314275037,0.14059613894187864
lomo,3,B2_climatology,Bahrabise,455.0,0.5671396228451083,0.76757053630256,0.7310847797278639,0.3243979659940407
lomo,3,B2_climatology,Belsot,455.0,0.3821084194086861,0.7162103719257562,0.5760007993145291,0.5165418499671076
lomo,3,B2_climatology,Bhada Bridge,455.0,0.2778046463326713,0.5878120314444661,0.288098532097098,0.42451629791874185
lomo,3,B2_climatology,Chameliya/Nayalbadi,455.0,0.5838089892645959,0.7905899583601441,0.7723853654487972,0.3772759970783663
lomo,3,B2_climatology,Chatara,455.0,0.12632048456181055,0.42292498334861695,0.2667644791150695,0.46828711830655184
lomo,3,B2_climatology,Chisapani,455.0,0.27516478158295865,0.5929659387180116,0.40639254995121377,0.3107648783753299
lomo,3,B2_climatology,Devghat,455.0,0.178380927685152,0.46996481614630947,0.38049533761661525,0.40182047317667025
lomo,3,B2_climatology,Khokana,455.0,0.01664945089619263,0.2448337231923462,-0.05761464252673498,0.5606035448280022
lomo,3,B2_climatology,Kusum,455.0,-0.04836319277759449,0.6262499272109596,0.2874022556418456,1.1627052927809203
lomo,3,B2_climatology,Rasuwagadhi,455.0,0.44817001714363924,0.5581259431850786,0.6140489979582993,0.18128501900401361
lomo,3,B3_ARX,Bahrabise,455.0,0.6910575388976972,0.8947074949157575,0.8469503401220448,0.21833897221008394
lomo,3,B3_ARX,Belsot,455.0,0.869563392781079,0.9508369135330662,0.9341026601274078,0.2149942397788661
lomo,3,B3_ARX,Bhada Bridge,455.0,0.22564513087076954,0.7874901146480522,0.5343697542433716,0.3048149623515909
lomo,3,B3_ARX,Chameliya/Nayalbadi,455.0,0.9434544115548469,0.9736705759469406,0.9494925893489825,0.13377689251211572
lomo,3,B3_ARX,Chatara,455.0,0.4191203297662297,0.7819963691028131,0.6050713508932619,0.28782461897088496
lomo,3,B3_ARX,Chisapani,455.0,0.433072534684952,0.7535172738472056,0.5709065578680823,0.2418297896541481
lomo,3,B3_ARX,Devghat,455.0,0.7634228864282939,0.9193263978300525,0.8554525868517499,0.15676367488442408
lomo,3,B3_ARX,Khokana,455.0,0.041773202629219464,0.3252718760592882,0.017301998950104314,0.5299061405641462
lomo,3,B3_ARX,Kusum,455.0,0.09128160979500821,0.8698948774557925,0.5175093678217084,0.6860032994462583
lomo,3,B3_ARX,Rasuwagadhi,455.0,0.6598779781441901,0.7758966872103207,0.8110734205387296,0.12910313924871664
lomo,3,HGB,Bahrabise,455.0,0.7039216532092928,0.8921382275771262,0.831102882542086,0.22098678753915166
lomo,3,HGB,Belsot,455.0,0.8229023967237314,0.9413960117600252,0.8784294268282962,0.23473121160127933
lomo,3,HGB,Bhada Bridge,455.0,0.3733031339124576,0.8021276491868786,0.5506329832634935,0.29412996378689577
lomo,3,HGB,Chameliya/Nayalbadi,455.0,0.9303500594040188,0.9662612196454555,0.9528889405597444,0.15143459954628788
lomo,3,HGB,Chatara,455.0,0.45608793204537246,0.77993054038902,0.5554334593184546,0.2891851338808617
lomo,3,HGB,Chisapani,455.0,0.38190927743294756,0.7143471662952228,0.5615818695931984,0.26033695572997145
lomo,3,HGB,Devghat,455.0,0.7619251848729083,0.9069819222040478,0.7884437098978555,0.16833072405598856
lomo,3,HGB,Khokana,455.0,0.032911134199753445,0.2903076784605749,0.04523970742625294,0.5434625209435132
lomo,3,HGB,Kusum,455.0,0.21691317774630547,0.8936043243002283,0.40230379961569385,0.620356011390601
lomo,3,HGB,Rasuwagadhi,455.0,0.5776246389736055,0.705016182782084,0.7589922537908682,0.14811933719816592
lomo,7,B0_persistence,Bahrabise,451.0,0.42967052740243117,0.6797346721277044,0.7271018353798333,0.3522338318928296
lomo,7,B0_persistence,Belsot,451.0,0.5755345280987907,0.79271129769952,0.782628595071597,0.42800557929710803
lomo,7,B0_persistence,Bhada Bridge,451.0,-0.12954541821926235,0.553999156642907,0.4324184387791189,0.437766025395154
lomo,7,B0_persistence,Chameliya/Nayalbadi,451.0,0.8078989977341421,0.8465974146784118,0.8854386657379054,0.30741595774205227
lomo,7,B0_persistence,Chatara,451.0,-0.006038783404771264,0.5510197061547066,0.4960710048773046,0.3991382843718683
lomo,7,B0_persistence,Chisapani,451.0,-0.22216331568563663,0.37173392851153786,0.41282021751966413,0.3683947410779432
lomo,7,B0_persistence,Devghat,451.0,0.4122837983596628,0.6990899741511003,0.6647371197417551,0.2962648470163535
lomo,7,B0_persistence,Khokana,451.0,-0.8147360827367272,-0.4729492494964349,0.05975286056743834,0.7652719693685904
lomo,7,B0_persistence,Kusum,451.0,-0.6551427070126947,0.5263012465047922,0.18989643987475657,1.261545215889757
lomo,7,B0_persistence,Rasuwagadhi,451.0,0.26133143123323455,0.4073613115830824,0.6542916177327383,0.19582742036476594
lomo,7,B1_recession,Bahrabise,451.0,0.4294755423152836,0.679288127611363,0.7270219859770737,0.35247930538634853
lomo,7,B1_recession,Belsot,451.0,0.5752492226557635,0.7926800121117217,0.7822993829004994,0.4280378770074349
lomo,7,B1_recession,Bhada Bridge,451.0,-0.13160820223393954,0.550012437234342,0.43163152719328046,0.43971822745087275
lomo,7,B1_recession,Chameliya/Nayalbadi,451.0,0.8081446059388198,0.846487603358092,0.8849397504456163,0.30752596799067844
lomo,7,B1_recession,Chatara,451.0,-0.014121731547060978,0.5424539784502918,0.49276978320270715,0.402927712305773
lomo,7,B1_recession,Chisapani,451.0,-0.22413624570158164,0.36893398946154965,0.41340934782645355,0.36921472499222285
lomo,7,B1_recession,Devghat,451.0,0.4122837983596628,0.6990899741511003,0.6647371197417551,0.2962648470163535
lomo,7,B1_recession,Khokana,451.0,-0.8147646999455098,-0.47343245105895293,0.05979264345924262,0.7653974829563065
lomo,7,B1_recession,Kusum,451.0,-0.6554592844473932,0.5271137821803666,0.18981960668907816,1.2604627869921905
lomo,7,B1_recession,Rasuwagadhi,451.0,0.25247610785862273,0.39588693996756064,0.6514599256742692,0.19771408788009479
lomo,7,B2_climatology,Bahrabise,451.0,0.4996367127297495,0.7252983605875296,0.6922736889050567,0.3262171062596797
lomo,7,B2_climatology,Belsot,451.0,0.32788920590343607,0.6845027910444239,0.5271586953557745,0.5280309448499609
lomo,7,B2_climatology,Bhada Bridge,451.0,0.2610231212989462,0.56258365683588,0.27148668251502606,0.4335325559012716
lomo,7,B2_climatology,Chameliya/Nayalbadi,451.0,0.5484674596965171,0.7644588300001279,0.7538353801129736,0.3809285137089102
lomo,7,B2_climatology,Chatara,451.0,0.07196137145855508,0.3582253014894816,0.20059887158760537,0.4772006669816783
lomo,7,B2_climatology,Chisapani,451.0,0.2364607085307494,0.54703334631686,0.3722037915904256,0.3128057546800165
lomo,7,B2_climatology,Devghat,451.0,0.0912163498323938,0.39925310366966893,0.2826755288706634,0.418608037415842
lomo,7,B2_climatology,Khokana,451.0,-0.028111611017180405,0.14657175093541885,-0.11954813779505358,0.5825127310851287
lomo,7,B2_climatology,Kusum,451.0,-0.09140212515663748,0.591132391829345,0.25991518713984585,1.1720416707616041
lomo,7,B2_climatology,Rasuwagadhi,451.0,0.335392485495825,0.4515937324638819,0.5402471497240833,0.18837779452860715
lomo,7,B3_ARX,Bahrabise,451.0,0.4806373295871914,0.7728977726696238,0.7495873800405962,0.2966106920186647
lomo,7,B3_ARX,Belsot,451.0,0.6139783570474956,0.8408864627226157,0.7958964330535325,0.3749861084145564
lomo,7,B3_ARX,Bhada Bridge,451.0,0.23164857958041096,0.6484029726593479,0.407602354094284,0.38868413175245237
lomo,7,B3_ARX,Chameliya/Nayalbadi,451.0,0.78681571203258,0.8928896269530129,0.8622445525172102,0.25687736291707197
lomo,7,B3_ARX,Chatara,451.0,0.2415264023953433,0.6237631130494503,0.4368108697857399,0.36537634956601256
lomo,7,B3_ARX,Chisapani,451.0,0.2461456627180333,0.5917963049547873,0.44921807998941654,0.296947780974468
lomo,7,B3_ARX,Devghat,451.0,0.47164542612825655,0.7478805718012975,0.659529178082211,0.2711845552373911
lomo,7,B3_ARX,Khokana,451.0,-0.03864437143222044,0.13007554479826122,-0.12472629122854584,0.5881155796031345
lomo,7,B3_ARX,Kusum,451.0,-0.32410984037640556,0.6809413784654617,0.30357788433609445,1.035349414604282
lomo,7,B3_ARX,Rasuwagadhi,451.0,0.4115936342126798,0.5333525355894043,0.678896377208012,0.17376926270044682
lomo,7,HGB,Bahrabise,451.0,0.5718428501648192,0.7863584091445559,0.7384943445164205,0.2876861848803313
lomo,7,HGB,Belsot,451.0,0.5948619133104965,0.8307626319654179,0.7305205766466802,0.3867316760146896
lomo,7,HGB,Bhada Bridge,451.0,0.14940653196474074,0.4860177057977574,0.3516758843999068,0.469946362789317
lomo,7,HGB,Chameliya/Nayalbadi,451.0,0.7881934606423695,0.8890735810915834,0.889080439669656,0.2614132307845547
lomo,7,HGB,Chatara,451.0,0.20013704288559675,0.50721870363828,0.3302412460425638,0.41815457640023146
lomo,7,HGB,Chisapani,451.0,0.16036415007817362,0.5147500078435289,0.40202229979526327,0.32376089127820395
lomo,7,HGB,Devghat,451.0,0.10980382909252451,0.5628337419435148,0.45477390979221644,0.35709610397982966
lomo,7,HGB,Khokana,451.0,-0.04141185290028537,0.10523506224400336,-0.06866081838658245,0.5964532277677498
lomo,7,HGB,Kusum,451.0,-0.14679385724825922,0.76792977153356,0.21035182500201743,0.8830014462868703
lomo,7,HGB,Rasuwagadhi,451.0,0.14088425550011252,0.32122139595239907,0.5413972538263371,0.20957649623297264
